"V1";"V2";"V3";"V4";"V5";"V6"
"***";"nb classes";"2";"***";"";""
"**";"classe";"1";"**";"";""
"****";"575";"1095";"52.51";"****";""
" 5";"63";" 7.94";"-53.26";"terre";"2.919817e-13"
" 0";"37";" 0.00";"-42.34";"astronaute";"7.654015e-11"
" 0";"27";" 0.00";"-30.61";"théoricien";"3.153742e-08"
" 1";"29";" 3.45";"-28.76";"espace";"8.211158e-08"
" 0";"25";" 0.00";"-28.29";"visiteur";"1.044274e-07"
"13";"64";"20.31";"-28.26";"ancien";"1.060552e-07"
" 2";"27";" 7.41";"-22.58";"planète";"2.011905e-06"
" 1";"22";" 4.55";"-20.71";"vaisseau";"5.332941e-06"
" 0";"18";" 0.00";"-20.24";"spatial";"6.843464e-06"
" 6";"37";"16.22";"-20.23";"rendre";"6.868479e-06"
" 3";"28";"10.71";"-20.13";"preuve";"7.232844e-06"
" 5";"34";"14.71";"-20.11";"humain";"7.305436e-06"
" 1";"21";" 4.76";"-19.58";"humanité";"9.667586e-06"
" 2";"23";" 8.70";"-18.09";"recherche";"2.110446e-05"
"20";"70";"28.57";"-17.19";"monde";"3.387954e-05"
"18";"64";"28.12";"-16.21";"homme";"5.668802e-05"
" 1";"18";" 5.56";"-16.18";"possible";"5.756614e-05"
" 1";"18";" 5.56";"-16.18";"cacher";"5.756614e-05"
" 1";"18";" 5.56";"-16.18";"incroyable";"5.756614e-05"
" 5";"30";"16.67";"-15.89";"étrange";"6.704169e-05"
" 2";"21";" 9.52";"-15.87";"volant";"6.798236e-05"
" 6";"32";"18.75";"-15.07";"origine";"1.037569e-04"
" 2";"20";"10.00";"-14.76";"ciel";"1.218399e-04"
" 3";"23";"13.04";"-14.68";"objet";"1.276950e-04"
" 0";"13";" 0.00";"-14.55";"identifier";"1.366545e-04"
" 0";"13";" 0.00";"-14.55";"giorgio";"1.366545e-04"
" 0";"13";" 0.00";"-14.55";"tsoukalos";"1.366545e-04"
" 0";"12";" 0.00";"-13.42";"légende";"2.494528e-04"
"11";"43";"25.58";"-13.02";"découvrir";"3.087434e-04"
" 1";"15";" 6.67";"-12.82";"technologie";"3.433135e-04"
" 1";"15";" 6.67";"-12.82";"sembler";"3.433135e-04"
" 1";"15";" 6.67";"-12.82";"mars";"3.433135e-04"
" 2";"18";"11.11";"-12.58";"décider";"3.901724e-04"
" 3";"21";"14.29";"-12.55";"laisser";"3.971055e-04"
" 0";"11";" 0.00";"-12.29";"explorer";"4.561509e-04"
" 0";"11";" 0.00";"-12.29";"antique";"4.561509e-04"
"13";"47";"27.66";"-12.16";"venir";"4.875849e-04"
" 1";"14";" 7.14";"-11.71";"secret";"6.232150e-04"
" 4";"23";"17.39";"-11.62";"affirmer";"6.523715e-04"
" 2";"17";"11.76";"-11.50";"entier";"6.970674e-04"
" 0";"10";" 0.00";"-11.16";"géant";"8.359765e-04"
" 0";"10";" 0.00";"-11.16";"dieu";"8.359765e-04"
" 0";"10";" 0.00";"-11.16";"servir";"8.359765e-04"
" 0";"10";" 0.00";"-11.16";"cnrs";"8.359765e-04"
" 1";"13";" 7.69";"-10.60";"suggérer";"1.132254e-03"
" 7";"30";"23.33";"-10.53";"retrouver";"1.174092e-03"
" 3";"19";"15.79";"-10.46";"contact";"1.222546e-03"
"12";"42";"28.57";"-10.04";"passer";"1.533576e-03"
" 0";" 9";" 0.00";"-10.03";"zorbb";"1.536438e-03"
" 0";" 9";" 0.00";"-10.03";"astrophysicien";"1.536438e-03"
" 0";" 9";" 0.00";"-10.03";"militaire";"1.536438e-03"
" 0";" 9";" 0.00";"-10.03";"disparaître";"1.536438e-03"
" 9";"34";"26.47";" -9.54";"scientifique";"2.008111e-03"
" 1";"12";" 8.33";" -9.50";"théorie";"2.059278e-03"
" 1";"12";" 8.33";" -9.50";"véritable";"2.059278e-03"
" 1";"12";" 8.33";" -9.50";"bord";"2.059278e-03"
" 2";"15";"13.33";" -9.36";"mystérieux";"2.216440e-03"
" 2";"15";"13.33";" -9.36";"lune";"2.216440e-03"
" 0";" 8";" 0.00";" -8.91";"lointain";"2.834178e-03"
" 0";" 8";" 0.00";" -8.91";"force";"2.834178e-03"
" 0";" 8";" 0.00";" -8.91";"effet";"2.834178e-03"
" 0";" 8";" 0.00";" -8.91";"scooby";"2.834178e-03"
" 0";" 8";" 0.00";" -8.91";"intelligent";"2.834178e-03"
" 0";" 8";" 0.00";" -8.91";"elbaz";"2.834178e-03"
" 0";" 8";" 0.00";" -8.91";"doo";"2.834178e-03"
" 0";" 8";" 0.00";" -8.91";"connaissance";"2.834178e-03"
" 1";"11";" 9.09";" -8.40";"base";"3.750412e-03"
" 2";"14";"14.29";" -8.31";"ville";"3.943428e-03"
" 0";" 7";" 0.00";" -7.79";"nasa";"5.253082e-03"
" 0";" 7";" 0.00";" -7.79";"tuer";"5.253082e-03"
" 0";" 7";" 0.00";" -7.79";"invasion";"5.253082e-03"
" 0";" 7";" 0.00";" -7.79";"endroit";"5.253082e-03"
" 0";" 7";" 0.00";" -7.79";"cerveau";"5.253082e-03"
" 0";" 7";" 0.00";" -7.79";"écraser";"5.253082e-03"
" 0";" 7";" 0.00";" -7.79";"visiter";"5.253082e-03"
" 0";" 7";" 0.00";" -7.79";"représenter";"5.253082e-03"
" 0";" 7";" 0.00";" -7.79";"disparition";"5.253082e-03"
" 0";" 7";" 0.00";" -7.79";"atterrir";"5.253082e-03"
" 0";" 7";" 0.00";" -7.79";"apparence";"5.253082e-03"
" 4";"19";"21.05";" -7.67";"ami";"5.603609e-03"
" 3";"16";"18.75";" -7.42";"tenter";"6.443725e-03"
" 8";"29";"27.59";" -7.42";"trouver";"6.445037e-03"
" 1";"10";"10.00";" -7.31";"explication";"6.842100e-03"
" 1";"10";"10.00";" -7.31";"mystère";"6.842100e-03"
" 1";"10";"10.00";" -7.31";"trace";"6.842100e-03"
" 2";"13";"15.38";" -7.27";"système";"7.003227e-03"
" 2";"13";"15.38";" -7.27";"envoyer";"7.003227e-03"
" 4";"18";"22.22";" -6.73";"nombreux";"9.464959e-03"
" 4";"18";"22.22";" -6.73";"visite";"9.464959e-03"
" 0";" 6";" 0.00";" -6.67";"génie";"9.798486e-03"
" 0";" 6";" 0.00";" -6.67";"civilisation";"9.798486e-03"
" 0";" 6";" 0.00";" -6.67";"train";"9.798486e-03"
" 0";" 6";" 0.00";" -6.67";"prétendre";"9.798486e-03"
" 0";" 6";" 0.00";" -6.67";"tradition";"9.798486e-03"
" 0";" 6";" 0.00";" -6.67";"savant";"9.798486e-03"
" 0";" 6";" 0.00";" -6.67";"présent";"9.798486e-03"
" 0";" 6";" 0.00";" -6.67";"modifier";"9.798486e-03"
" 0";" 6";" 0.00";" -6.67";"menace";"9.798486e-03"
" 3";"15";"20.00";" -6.45";"gouvernement";"1.111837e-02"
" 3";"15";"20.00";" -6.45";"arriver";"1.111837e-02"
" 1";" 9";"11.11";" -6.24";"guerre";"1.250928e-02"
" 1";" 9";"11.11";" -6.24";"puissant";"1.250928e-02"
" 5";"20";"25.00";" -6.18";"agir";"1.289633e-02"
" 0";" 5";" 0.00";" -5.55";"incident";"1.843631e-02"
" 0";" 5";" 0.00";" -5.55";"pyramide";"1.843631e-02"
" 0";" 5";" 0.00";" -5.55";"domaine";"1.843631e-02"
" 0";" 5";" 0.00";" -5.55";"solaire";"1.843631e-02"
" 0";" 5";" 0.00";" -5.55";"satellite";"1.843631e-02"
" 0";" 5";" 0.00";" -5.55";"projet";"1.843631e-02"
" 0";" 5";" 0.00";" -5.55";"noix";"1.843631e-02"
" 0";" 5";" 0.00";" -5.55";"inexplicable";"1.843631e-02"
" 0";" 5";" 0.00";" -5.55";"code";"1.843631e-02"
" 0";" 5";" 0.00";" -5.55";"capacité";"1.843631e-02"
" 0";" 5";" 0.00";" -5.55";"émettre";"1.843631e-02"
" 0";" 5";" 0.00";" -5.55";"statue";"1.843631e-02"
" 0";" 5";" 0.00";" -5.55";"sammy";"1.843631e-02"
" 0";" 5";" 0.00";" -5.55";"randonneur";"1.843631e-02"
" 0";" 5";" 0.00";" -5.55";"lugg";"1.843631e-02"
" 0";" 5";" 0.00";" -5.55";"lier";"1.843631e-02"
" 0";" 5";" 0.00";" -5.55";"inexpliqué";"1.843631e-02"
" 0";" 5";" 0.00";" -5.55";"habiter";"1.843631e-02"
" 0";" 5";" 0.00";" -5.55";"enquêteur";"1.843631e-02"
" 0";" 5";" 0.00";" -5.55";"défier";"1.843631e-02"
" 0";" 5";" 0.00";" -5.55";"divin";"1.843631e-02"
" 0";" 5";" 0.00";" -5.55";"dimension";"1.843631e-02"
" 0";" 5";" 0.00";" -5.55";"but";"1.843631e-02"
" 0";" 5";" 0.00";" -5.55";"avancé";"1.843631e-02"
" 0";" 5";" 0.00";" -5.55";"astronomie";"1.843631e-02"
" 3";"14";"21.43";" -5.49";"révéler";"1.907820e-02"
" 2";"11";"18.18";" -5.25";"poser";"2.192959e-02"
" 2";"11";"18.18";" -5.25";"extra_terrestre";"2.192959e-02"
" 2";"11";"18.18";" -5.25";"avenir";"2.192959e-02"
" 2";"11";"18.18";" -5.25";"apporter";"2.192959e-02"
" 1";" 8";"12.50";" -5.17";"terrien";"2.293161e-02"
" 1";" 8";"12.50";" -5.17";"structure";"2.293161e-02"
" 1";" 8";"12.50";" -5.17";"mythe";"2.293161e-02"
" 1";" 8";"12.50";" -5.17";"signe";"2.293161e-02"
" 1";" 8";"12.50";" -5.17";"musk";"2.293161e-02"
" 1";" 8";"12.50";" -5.17";"elon";"2.293161e-02"
" 1";" 8";"12.50";" -5.17";"oeil";"2.293161e-02"
" 1";" 8";"12.50";" -5.17";"bientôt";"2.293161e-02"
" 6";"21";"28.57";" -4.92";"enquête";"2.653553e-02"
" 3";"13";"23.08";" -4.57";"millier";"3.251975e-02"
" 0";" 4";" 0.00";" -4.44";"claviere";"3.512078e-02"
" 0";" 4";" 0.00";" -4.44";"bermudes";"3.512078e-02"
" 0";" 4";" 0.00";" -4.44";"électrique";"3.512078e-02"
" 0";" 4";" 0.00";" -4.44";"xxe";"3.512078e-02"
" 0";" 4";" 0.00";" -4.44";"triangle";"3.512078e-02"
" 0";" 4";" 0.00";" -4.44";"tesla";"3.512078e-02"
" 0";" 4";" 0.00";" -4.44";"sol";"3.512078e-02"
" 0";" 4";" 0.00";" -4.44";"ruine";"3.512078e-02"
" 0";" 4";" 0.00";" -4.44";"pléiade";"3.512078e-02"
" 0";" 4";" 0.00";" -4.44";"partisan";"3.512078e-02"
" 0";" 4";" 0.00";" -4.44";"océan";"3.512078e-02"
" 0";" 4";" 0.00";" -4.44";"intelligence";"3.512078e-02"
" 0";" 4";" 0.00";" -4.44";"gladieux";"3.512078e-02"
" 0";" 4";" 0.00";" -4.44";"freddy";"3.512078e-02"
" 0";" 4";" 0.00";" -4.44";"enquêter";"3.512078e-02"
" 0";" 4";" 0.00";" -4.44";"enfermer";"3.512078e-02"
" 0";" 4";" 0.00";" -4.44";"egypte";"3.512078e-02"
" 0";" 4";" 0.00";" -4.44";"céleste";"3.512078e-02"
" 0";" 4";" 0.00";" -4.44";"continent";"3.512078e-02"
" 0";" 4";" 0.00";" -4.44";"voisin";"3.512078e-02"
" 0";" 4";" 0.00";" -4.44";"télérama";"3.512078e-02"
" 0";" 4";" 0.00";" -4.44";"terrible";"3.512078e-02"
" 0";" 4";" 0.00";" -4.44";"technologique";"3.512078e-02"
" 0";" 4";" 0.00";" -4.44";"taille";"3.512078e-02"
" 0";" 4";" 0.00";" -4.44";"seulement";"3.512078e-02"
" 0";" 4";" 0.00";" -4.44";"révélation";"3.512078e-02"
" 0";" 4";" 0.00";" -4.44";"rouch";"3.512078e-02"
" 0";" 4";" 0.00";" -4.44";"roman";"3.512078e-02"
" 0";" 4";" 0.00";" -4.44";"religion";"3.512078e-02"
" 0";" 4";" 0.00";" -4.44";"numérique";"3.512078e-02"
" 0";" 4";" 0.00";" -4.44";"niveau";"3.512078e-02"
" 0";" 4";" 0.00";" -4.44";"neil";"3.512078e-02"
" 0";" 4";" 0.00";" -4.44";"nazca";"3.512078e-02"
" 0";" 4";" 0.00";" -4.44";"minus";"3.512078e-02"
" 0";" 4";" 0.00";" -4.44";"manipuler";"3.512078e-02"
" 0";" 4";" 0.00";" -4.44";"invisible";"3.512078e-02"
" 0";" 4";" 0.00";" -4.44";"inhabituel";"3.512078e-02"
" 0";" 4";" 0.00";" -4.44";"indice";"3.512078e-02"
" 0";" 4";" 0.00";" -4.44";"identique";"3.512078e-02"
" 0";" 4";" 0.00";" -4.44";"henry";"3.512078e-02"
" 0";" 4";" 0.00";" -4.44";"géoglyphes";"3.512078e-02"
" 0";" 4";" 0.00";" -4.44";"globe";"3.512078e-02"
" 0";" 4";" 0.00";" -4.44";"gigantesque";"3.512078e-02"
" 0";" 4";" 0.00";" -4.44";"décoder";"3.512078e-02"
" 0";" 4";" 0.00";" -4.44";"déchiffrer";"3.512078e-02"
" 0";" 4";" 0.00";" -4.44";"débris";"3.512078e-02"
" 0";" 4";" 0.00";" -4.44";"disséminer";"3.512078e-02"
" 0";" 4";" 0.00";" -4.44";"conserver";"3.512078e-02"
" 0";" 4";" 0.00";" -4.44";"coin";"3.512078e-02"
" 0";" 4";" 0.00";" -4.44";"brack";"3.512078e-02"
" 0";" 4";" 0.00";" -4.44";"big";"3.512078e-02"
" 0";" 4";" 0.00";" -4.44";"baron";"3.512078e-02"
" 0";" 4";" 0.00";" -4.44";"arme";"3.512078e-02"
" 8";"25";"32.00";" -4.32";"site";"3.774736e-02"
" 2";"10";"20.00";" -4.28";"exister";"3.861493e-02"
" 2";"10";"20.00";" -4.28";"ligne";"3.861493e-02"
" 2";"10";"20.00";" -4.28";"élément";"3.861493e-02"
" 2";"10";"20.00";" -4.28";"important";"3.861493e-02"
" 2";"10";"20.00";" -4.28";"capable";"3.861493e-02"
" 1";" 7";"14.29";" -4.13";"jerry";"4.217644e-02"
" 1";" 7";"14.29";" -4.13";"vol";"4.217644e-02"
" 1";" 7";"14.29";" -4.13";"peuple";"4.217644e-02"
" 1";" 7";"14.29";" -4.13";"changer";"4.217644e-02"
" 1";" 7";"14.29";" -4.13";"armée";"4.217644e-02"
" 1";" 7";"14.29";" -4.13";"vérité";"4.217644e-02"
" 1";" 7";"14.29";" -4.13";"troublant";"4.217644e-02"
" 1";" 7";"14.29";" -4.13";"raison";"4.217644e-02"
" 1";" 7";"14.29";" -4.13";"maudit";"4.217644e-02"
" 1";" 7";"14.29";" -4.13";"carburant";"4.217644e-02"
" 1";" 7";"14.29";" -4.13";"andré";"4.217644e-02"
" 4";"15";"26.67";" -4.07";"seul";"4.355716e-02"
"10";"29";"34.48";" -3.88";"question";"4.878478e-02"
" 5";"17";"29.41";" -3.69";"comprendre";"5.457642e-02"
" 3";"12";"25.00";" -3.68";"lieu";"5.498437e-02"
" 9";"26";"34.62";" -3.42";"forme";"6.439438e-02"
" 2";" 9";"22.22";" -3.34";"siècle";"6.767378e-02"
" 2";" 9";"22.22";" -3.34";"fantôme";"6.767378e-02"
" 2";" 9";"22.22";" -3.34";"récit";"6.767378e-02"
" 2";" 9";"22.22";" -3.34";"nom";"6.767378e-02"
" 2";" 9";"22.22";" -3.34";"place";"6.767378e-02"
" 2";" 9";"22.22";" -3.34";"intervention";"6.767378e-02"
" 0";" 3";" 0.00";" -3.33";"observation";"6.817507e-02"
" 0";" 3";" 0.00";" -3.33";"substance";"6.817507e-02"
" 0";" 3";" 0.00";" -3.33";"réagir";"6.817507e-02"
" 0";" 3";" 0.00";" -3.33";"bender";"6.817507e-02"
" 0";" 3";" 0.00";" -3.33";"centaine";"6.817507e-02"
" 0";" 3";" 0.00";" -3.33";"éternel";"6.817507e-02"
" 0";" 3";" 0.00";" -3.33";"virus";"6.817507e-02"
" 0";" 3";" 0.00";" -3.33";"stellaire";"6.817507e-02"
" 0";" 3";" 0.00";" -3.33";"signaler";"6.817507e-02"
" 0";" 3";" 0.00";" -3.33";"sauvage";"6.817507e-02"
" 0";" 3";" 0.00";" -3.33";"russie";"6.817507e-02"
" 0";" 3";" 0.00";" -3.33";"population";"6.817507e-02"
" 0";" 3";" 0.00";" -3.33";"planet";"6.817507e-02"
" 0";" 3";" 0.00";" -3.33";"nourriture";"6.817507e-02"
" 0";" 3";" 0.00";" -3.33";"immortel";"6.817507e-02"
" 0";" 3";" 0.00";" -3.33";"hasard";"6.817507e-02"
" 0";" 3";" 0.00";" -3.33";"enseigner";"6.817507e-02"
" 0";" 3";" 0.00";" -3.33";"doter";"6.817507e-02"
" 0";" 3";" 0.00";" -3.33";"coco";"6.817507e-02"
" 0";" 3";" 0.00";" -3.33";"cirou";"6.817507e-02"
" 0";" 3";" 0.00";" -3.33";"capturer";"6.817507e-02"
" 0";" 3";" 0.00";" -3.33";"avancée";"6.817507e-02"
" 0";" 3";" 0.00";" -3.33";"éteindre";"6.817507e-02"
" 0";" 3";" 0.00";" -3.33";"équipage";"6.817507e-02"
" 0";" 3";" 0.00";" -3.33";"égard";"6.817507e-02"
" 0";" 3";" 0.00";" -3.33";"éclater";"6.817507e-02"
" 0";" 3";" 0.00";" -3.33";"yéti";"6.817507e-02"
" 0";" 3";" 0.00";" -3.33";"vallée";"6.817507e-02"
" 0";" 3";" 0.00";" -3.33";"télescope";"6.817507e-02"
" 0";" 3";" 0.00";" -3.33";"traquer";"6.817507e-02"
" 0";" 3";" 0.00";" -3.33";"transe";"6.817507e-02"
" 0";" 3";" 0.00";" -3.33";"trajectoire";"6.817507e-02"
" 0";" 3";" 0.00";" -3.33";"tesquet";"6.817507e-02"
" 0";" 3";" 0.00";" -3.33";"territoire";"6.817507e-02"
" 0";" 3";" 0.00";" -3.33";"terme";"6.817507e-02"
" 0";" 3";" 0.00";" -3.33";"technopolis";"6.817507e-02"
" 0";" 3";" 0.00";" -3.33";"surprendre";"6.817507e-02"
" 0";" 3";" 0.00";" -3.33";"sphère";"6.817507e-02"
" 0";" 3";" 0.00";" -3.33";"serpent";"6.817507e-02"
" 0";" 3";" 0.00";" -3.33";"semer";"6.817507e-02"
" 0";" 3";" 0.00";" -3.33";"réduire";"6.817507e-02"
" 0";" 3";" 0.00";" -3.33";"rédaction";"6.817507e-02"
" 0";" 3";" 0.00";" -3.33";"res";"6.817507e-02"
" 0";" 3";" 0.00";" -3.33";"reprendre";"6.817507e-02"
" 0";" 3";" 0.00";" -3.33";"pluie";"6.817507e-02"
" 0";" 3";" 0.00";" -3.33";"pied";"6.817507e-02"
" 0";" 3";" 0.00";" -3.33";"phrase";"6.817507e-02"
" 0";" 3";" 0.00";" -3.33";"percer";"6.817507e-02"
" 0";" 3";" 0.00";" -3.33";"paroi";"6.817507e-02"
" 0";" 3";" 0.00";" -3.33";"originaire";"6.817507e-02"
" 0";" 3";" 0.00";" -3.33";"milliardaire";"6.817507e-02"
" 0";" 3";" 0.00";" -3.33";"maman";"6.817507e-02"
" 0";" 3";" 0.00";" -3.33";"james";"6.817507e-02"
" 0";" 3";" 0.00";" -3.33";"invention";"6.817507e-02"
" 0";" 3";" 0.00";" -3.33";"intérêt";"6.817507e-02"
" 0";" 3";" 0.00";" -3.33";"intégrer";"6.817507e-02"
" 0";" 3";" 0.00";" -3.33";"intriguer";"6.817507e-02"
" 0";" 3";" 0.00";" -3.33";"intention";"6.817507e-02"
" 0";" 3";" 0.00";" -3.33";"idée";"6.817507e-02"
" 0";" 3";" 0.00";" -3.33";"hybride";"6.817507e-02"
" 0";" 3";" 0.00";" -3.33";"génétique";"6.817507e-02"
" 0";" 3";" 0.00";" -3.33";"glich";"6.817507e-02"
" 0";" 3";" 0.00";" -3.33";"favier";"6.817507e-02"
" 0";" 3";" 0.00";" -3.33";"espion";"6.817507e-02"
" 0";" 3";" 0.00";" -3.33";"entité";"6.817507e-02"
" 0";" 3";" 0.00";" -3.33";"ennemi";"6.817507e-02"
" 0";" 3";" 0.00";" -3.33";"engin";"6.817507e-02"
" 0";" 3";" 0.00";" -3.33";"emplacement";"6.817507e-02"
" 0";" 3";" 0.00";" -3.33";"détecter";"6.817507e-02"
" 0";" 3";" 0.00";" -3.33";"déposer";"6.817507e-02"
" 0";" 3";" 0.00";" -3.33";"dépasser";"6.817507e-02"
" 0";" 3";" 0.00";" -3.33";"diriger";"6.817507e-02"
" 0";" 3";" 0.00";" -3.33";"descendre";"6.817507e-02"
" 0";" 3";" 0.00";" -3.33";"daphné";"6.817507e-02"
" 0";" 3";" 0.00";" -3.33";"constituer";"6.817507e-02"
" 0";" 3";" 0.00";" -3.33";"conquête";"6.817507e-02"
" 0";" 3";" 0.00";" -3.33";"conclusion";"6.817507e-02"
" 0";" 3";" 0.00";" -3.33";"clervoy";"6.817507e-02"
" 0";" 3";" 0.00";" -3.33";"chasseur";"6.817507e-02"
" 0";" 3";" 0.00";" -3.33";"camp";"6.817507e-02"
" 0";" 3";" 0.00";" -3.33";"brennan";"6.817507e-02"
" 0";" 3";" 0.00";" -3.33";"booth";"6.817507e-02"
" 0";" 3";" 0.00";" -3.33";"bible";"6.817507e-02"
" 0";" 3";" 0.00";" -3.33";"belgique";"6.817507e-02"
" 0";" 3";" 0.00";" -3.33";"aussitôt";"6.817507e-02"
" 0";" 3";" 0.00";" -3.33";"atteindre";"6.817507e-02"
" 0";" 3";" 0.00";" -3.33";"artefact";"6.817507e-02"
" 0";" 3";" 0.00";" -3.33";"apollo";"6.817507e-02"
" 0";" 3";" 0.00";" -3.33";"antiquité";"6.817507e-02"
" 0";" 3";" 0.00";" -3.33";"ange";"6.817507e-02"
" 0";" 3";" 0.00";" -3.33";"ancêtre";"6.817507e-02"
" 0";" 3";" 0.00";" -3.33";"amérique";"6.817507e-02"
" 0";" 3";" 0.00";" -3.33";"abriter";"6.817507e-02"
" 4";"14";"28.57";" -3.26";"réalité";"7.102041e-02"
" 4";"14";"28.57";" -3.26";"soucoupe";"7.102041e-02"
" 1";" 6";"16.67";" -3.11";"yacine";"7.788646e-02"
" 1";" 6";"16.67";" -3.11";"belhousse";"7.788646e-02"
" 1";" 6";"16.67";" -3.11";"chiffre";"7.788646e-02"
" 1";" 6";"16.67";" -3.11";"situation";"7.788646e-02"
" 1";" 6";"16.67";" -3.11";"peur";"7.788646e-02"
" 1";" 6";"16.67";" -3.11";"paraître";"7.788646e-02"
" 1";" 6";"16.67";" -3.11";"vieux";"7.788646e-02"
" 1";" 6";"16.67";" -3.11";"recueillir";"7.788646e-02"
" 1";" 6";"16.67";" -3.11";"profiter";"7.788646e-02"
" 1";" 6";"16.67";" -3.11";"indiquer";"7.788646e-02"
" 1";" 6";"16.67";" -3.11";"espèce";"7.788646e-02"
" 1";" 6";"16.67";" -3.11";"bandit";"7.788646e-02"
" 1";" 6";"16.67";" -3.11";"attirer";"7.788646e-02"
" 1";" 6";"16.67";" -3.11";"armstrong";"7.788646e-02"
" 1";" 6";"16.67";" -3.11";"activité";"7.788646e-02"
" 5";"16";"31.25";" -2.94";"spécialiste";"8.622733e-02"
" 3";"11";"27.27";" -2.84";"créature";"9.203786e-02"
" 3";"11";"27.27";" -2.84";"désert";"9.203786e-02"
" 3";"11";"27.27";" -2.84";"laure";"9.203786e-02"
"15";"38";"39.47";" -2.68";"phénomène";"1.013997e-01"
"10";"27";"37.04";" -2.66";"américain";"1.030163e-01"
" 4";"13";"30.77";" -2.49";"construire";"1.142821e-01"
" 4";"13";"30.77";" -2.49";"rencontrer";"1.142821e-01"
" 4";"13";"30.77";" -2.49";"rappeler";"1.142821e-01"
" 2";" 8";"25.00";" -2.45";"roswell";"1.178243e-01"
" 2";" 8";"25.00";" -2.45";"dessin";"1.178243e-01"
" 2";" 8";"25.00";" -2.45";"centre";"1.178243e-01"
" 2";" 8";"25.00";" -2.45";"énergie";"1.178243e-01"
" 9";"24";"37.50";" -2.22";"temps";"1.364662e-01"
" 9";"24";"37.50";" -2.22";"mettre";"1.364662e-01"
" 1";" 5";"20.00";" -2.13";"mauvais";"1.445300e-01"
" 1";" 5";"20.00";" -2.13";"débarquer";"1.445300e-01"
" 1";" 5";"20.00";" -2.13";"moyen";"1.445300e-01"
" 1";" 5";"20.00";" -2.13";"chercheur";"1.445300e-01"
" 1";" 5";"20.00";" -2.13";"nommer";"1.445300e-01"
" 1";" 5";"20.00";" -2.13";"glace";"1.445300e-01"
" 1";" 5";"20.00";" -2.13";"défense";"1.445300e-01"
" 1";" 5";"20.00";" -2.13";"compte";"1.445300e-01"
" 1";" 5";"20.00";" -2.13";"remplacer";"1.445300e-01"
" 1";" 5";"20.00";" -2.13";"produire";"1.445300e-01"
" 1";" 5";"20.00";" -2.13";"contenir";"1.445300e-01"
" 1";" 5";"20.00";" -2.13";"ballon";"1.445300e-01"
" 1";" 5";"20.00";" -2.13";"volcanique";"1.445300e-01"
" 1";" 5";"20.00";" -2.13";"scène";"1.445300e-01"
" 1";" 5";"20.00";" -2.13";"récent";"1.445300e-01"
" 1";" 5";"20.00";" -2.13";"reine";"1.445300e-01"
" 1";" 5";"20.00";" -2.13";"radio";"1.445300e-01"
" 1";" 5";"20.00";" -2.13";"parallèle";"1.445300e-01"
" 1";" 5";"20.00";" -2.13";"panne";"1.445300e-01"
" 1";" 5";"20.00";" -2.13";"nature";"1.445300e-01"
" 1";" 5";"20.00";" -2.13";"mexique";"1.445300e-01"
" 1";" 5";"20.00";" -2.13";"jeter";"1.445300e-01"
" 1";" 5";"20.00";" -2.13";"interpréter";"1.445300e-01"
" 1";" 5";"20.00";" -2.13";"fournir";"1.445300e-01"
" 1";" 5";"20.00";" -2.13";"explorateur";"1.445300e-01"
" 1";" 5";"20.00";" -2.13";"confronter";"1.445300e-01"
" 1";" 5";"20.00";" -2.13";"analyser";"1.445300e-01"
" 3";"10";"30.00";" -2.05";"main";"1.521150e-01"
" 3";"10";"30.00";" -2.05";"chose";"1.521150e-01"
" 3";"10";"30.00";" -2.05";"chine";"1.521150e-01"
"*****";"*";"*";"*";"*";"*"
" 29";"120";"24.17";"-43.42";"pouvoir";"4.415786e-11"
" 63";"200";"31.50";"-43.32";"que";"4.648010e-11"
" 28";"105";"26.67";"-31.11";"ils";"2.440831e-08"
"  4";" 37";"10.81";"-26.70";"selon";"2.371632e-07"
" 98";"245";"40.00";"-19.81";"il";"8.543864e-06"
"230";"505";"45.54";"-18.24";"être";"1.944882e-05"
"250";"542";"46.13";"-17.55";"les";"2.797330e-05"
"233";"508";"45.87";"-16.78";"des";"4.194724e-05"
"195";"431";"45.24";"-15.06";"avoir";"1.044136e-04"
" 57";"140";"40.71";" -8.96";"qu";"2.761402e-03"
"132";"293";"45.05";" -8.93";"dans";"2.807886e-03"
"  3";" 17";"17.65";" -8.42";"sous";"3.716997e-03"
"  6";" 25";"24.00";" -8.34";"si";"3.878205e-03"
" 63";"151";"41.72";" -8.18";"se";"4.242941e-03"
"153";"332";"46.08";" -7.89";"une";"4.964155e-03"
"  0";"  7";" 0.00";" -7.79";"dix";"5.253082e-03"
"  1";" 10";"10.00";" -7.31";"lorsque";"6.842100e-03"
"  6";" 23";"26.09";" -6.58";"elles";"1.032270e-02"
"  3";" 15";"20.00";" -6.45";"certaines";"1.111837e-02"
"297";"605";"49.09";" -6.34";"la";"1.178293e-02"
"  9";" 30";"30.00";" -6.27";"autres";"1.229184e-02"
"  8";" 27";"29.63";" -5.81";"bien";"1.591501e-02"
"229";"473";"48.41";" -5.61";"d";"1.790843e-02"
"  0";"  5";" 0.00";" -5.55";"parmi";"1.843631e-02"
"  3";" 14";"21.43";" -5.49";"différents";"1.907820e-02"
" 10";" 31";"32.26";" -5.25";"même";"2.197336e-02"
" 18";" 49";"36.73";" -5.12";"ces";"2.365176e-02"
"  0";"  4";" 0.00";" -4.44";"presque";"3.512078e-02"
"  0";"  4";" 0.00";" -4.44";"moindre";"3.512078e-02"
"  0";"  4";" 0.00";" -4.44";"cependant";"3.512078e-02"
"  0";"  4";" 0.00";" -4.44";"autrefois";"3.512078e-02"
"  1";"  7";"14.29";" -4.13";"ainsi";"4.217644e-02"
"  4";" 15";"26.67";" -4.07";"plusieurs";"4.355716e-02"
"  7";" 22";"31.82";" -3.86";"savoir";"4.959098e-02"
"  5";" 17";"29.41";" -3.69";"certains";"5.457642e-02"
" 45";"103";"43.69";" -3.55";"plus";"5.960066e-02"
"  6";" 19";"31.58";" -3.40";"non";"6.529720e-02"
"  2";"  9";"22.22";" -3.34";"4";"6.767378e-02"
"  2";"  9";"22.22";" -3.34";"ailleurs";"6.767378e-02"
"  0";"  3";" 0.00";" -3.33";"lui_même";"6.817507e-02"
"  0";"  3";" 0.00";" -3.33";"1947";"6.817507e-02"
"  1";"  6";"16.67";" -3.11";"35";"7.788646e-02"
"  5";" 16";"31.25";" -2.94";"jamais";"8.622733e-02"
" 13";" 34";"38.24";" -2.87";"alors";"9.036598e-02"
"  4";" 13";"30.77";" -2.49";"million";"1.142821e-01"
"  2";"  8";"25.00";" -2.45";"mes";"1.178243e-01"
"  2";"  8";"25.00";" -2.45";"au_dessus";"1.178243e-01"
"192";"389";"49.36";" -2.41";"un";"1.207988e-01"
"  8";" 22";"36.36";" -2.35";"t";"1.254780e-01"
" 36";" 81";"44.44";" -2.28";"leur";"1.308282e-01"
"  9";" 24";"37.50";" -2.22";"croire";"1.364662e-01"
"  1";"  5";"20.00";" -2.13";"près";"1.445300e-01"
"  1";"  5";"20.00";" -2.13";"parce_que";"1.445300e-01"
"  1";"  5";"20.00";" -2.13";"derrière";"1.445300e-01"
"  3";" 10";"30.00";" -2.05";"afin";"1.521150e-01"
"*";"*";"*";"*";"*";"*"
"30";"297";"10.10";"-293.95";"*publicgroupe_Déconseilléauxenfants";"6.862467e-66"
" 3";"150";" 2.00";"-177.83";"*chaine_RMCStory";"1.441509e-40"
"42";"232";"18.10";"-139.75";"*genregroupe_Documentaire";"3.012019e-32"
"38";"197";"19.29";"-106.32";"*mediamatgroupe_Fiction";"6.274309e-25"
" 4";" 90";" 4.44";" -90.85";"*audience_03";"1.547218e-21"
"82";"280";"29.29";" -81.38";"*annéededecennie_2020";"1.863819e-19"
" 6";" 80";" 7.50";" -70.12";"*audiencefemme_03";"5.581093e-17"
" 4";" 66";" 6.06";" -60.77";"*audience_04";"6.416146e-15"
" 2";" 43";" 4.65";" -41.11";"*audiencefemme_04";"1.437145e-10"
"23";"101";"22.77";" -39.46";"*genregroupe_Animation";"3.347576e-10"
" 0";" 32";" 0.00";" -36.45";"*partdemarche_1";"1.566480e-09"
"32";"120";"26.67";" -36.10";"*publicgroupe_Programmejeunesse";"1.875650e-09"
"18";" 84";"21.43";" -35.25";"*audiencefemme_02";"2.902036e-09"
" 2";" 37";" 5.41";" -34.08";"*annéededatediffusion_2022";"5.301965e-09"
" 0";" 27";" 0.00";" -30.61";"*chaine_RMCDécouverteHD24";"3.153742e-08"
"42";"134";"31.34";" -27.44";"*annéededatediffusion_2023";"1.623968e-07"
"30";"104";"28.85";" -25.81";"*audiencehomme_05";"3.771323e-07"
" 4";" 29";"13.79";" -17.91";"*partdemarche_08";"2.318560e-05"
" 3";" 25";"12.00";" -16.84";"*genregroupe_Feuilleton";"4.071680e-05"
" 0";" 15";" 0.00";" -16.82";"*audience_06";"4.116491e-05"
"16";" 59";"27.12";" -16.12";"*audiencefemme_01";"5.931481e-05"
" 0";" 14";" 0.00";" -15.68";"*partdemarche_13";"7.496323e-05"
"18";" 63";"28.57";" -15.36";"*genregroupe_Série";"8.870213e-05"
"30";" 91";"32.97";" -15.20";"*annéededatediffusion_2021";"9.656162e-05"
"10";" 42";"23.81";" -14.43";"*audience_02";"1.456030e-04"
" 3";" 22";"13.64";" -13.61";"*chaine_France4";"2.254426e-04"
" 0";" 12";" 0.00";" -13.42";"*partdemarche_14";"2.494528e-04"
"38";"106";"35.85";" -13.07";"*audiencehomme_04";"3.006512e-04"
" 1";" 15";" 6.67";" -12.82";"*notice_4780571001";"3.433135e-04"
" 1";" 15";" 6.67";" -12.82";"*partdemarche_87";"3.433135e-04"
" 1";" 15";" 6.67";" -12.82";"*duree_01063900";"3.433135e-04"
" 0";" 11";" 0.00";" -12.29";"*partdemarche_06";"4.561509e-04"
" 6";" 29";"20.69";" -12.10";"*audiencehomme_02";"5.051608e-04"
" 5";" 26";"19.23";" -11.83";"*partdemarche_25";"5.831336e-04"
" 1";" 14";" 7.14";" -11.71";"*genregroupe_Longmétrage";"6.232150e-04"
" 0";" 10";" 0.00";" -11.16";"*duree_00532200";"8.359765e-04"
" 0";"  9";" 0.00";" -10.03";"*duree_00470200";"1.536438e-03"
" 1";" 12";" 8.33";"  -9.50";"*audiencefemme_06";"2.059278e-03"
" 6";" 26";"23.08";"  -9.25";"*audience_0";"2.351172e-03"
" 8";" 31";"25.81";"  -9.12";"*audiencefemme_0";"2.523069e-03"
" 0";"  8";" 0.00";"  -8.91";"*notice_1852440003";"2.834178e-03"
" 0";"  8";" 0.00";"  -8.91";"*annéededatediffusion_2013";"2.834178e-03"
" 0";"  8";" 0.00";"  -8.91";"*duree_00070300";"2.834178e-03"
" 1";" 11";" 9.09";"  -8.40";"*duree_00383200";"3.750412e-03"
" 1";" 11";" 9.09";"  -8.40";"*partdemarche_02";"3.750412e-03"
" 1";" 11";" 9.09";"  -8.40";"*notice_7999734001";"3.750412e-03"
" 1";" 11";" 9.09";"  -8.40";"*chaine_Numéro23";"3.750412e-03"
" 0";"  7";" 0.00";"  -7.79";"*audience_24";"5.253082e-03"
" 0";"  7";" 0.00";"  -7.79";"*partdemarche_07";"5.253082e-03"
" 0";"  7";" 0.00";"  -7.79";"*partdemarche_04";"5.253082e-03"
" 0";"  7";" 0.00";"  -7.79";"*notice_1852443003";"5.253082e-03"
" 0";"  7";" 0.00";"  -7.79";"*duree_00464500";"5.253082e-03"
"12";" 39";"30.77";"  -7.67";"*audiencehomme_03";"5.626589e-03"
" 2";" 13";"15.38";"  -7.27";"*audiencefemme_147";"7.003227e-03"
" 2";" 13";"15.38";"  -7.27";"*audience_127";"7.003227e-03"
" 2";" 13";"15.38";"  -7.27";"*partdemarche_293";"7.003227e-03"
" 2";" 13";"15.38";"  -7.27";"*duree_00510500";"7.003227e-03"
" 2";" 13";"15.38";"  -7.27";"*audiencehomme_122";"7.003227e-03"
" 2";" 13";"15.38";"  -7.27";"*notice_3384746001";"7.003227e-03"
"11";" 36";"30.56";"  -7.20";"*annéededatediffusion_2015";"7.307472e-03"
" 0";"  6";" 0.00";"  -6.67";"*duree_00471500";"9.798486e-03"
" 0";"  6";" 0.00";"  -6.67";"*duree_00524400";"9.798486e-03"
" 0";"  6";" 0.00";"  -6.67";"*duree_00470500";"9.798486e-03"
" 0";"  6";" 0.00";"  -6.67";"*duree_00465300";"9.798486e-03"
" 0";"  6";" 0.00";"  -6.67";"*duree_00524700";"9.798486e-03"
" 9";" 30";"30.00";"  -6.27";"*partdemarche_257";"1.229184e-02"
" 9";" 30";"30.00";"  -6.27";"*duree_02015700";"1.229184e-02"
" 9";" 30";"30.00";"  -6.27";"*notice_828307001";"1.229184e-02"
" 9";" 30";"30.00";"  -6.27";"*audience_28";"1.229184e-02"
" 9";" 30";"30.00";"  -6.27";"*audiencehomme_29";"1.229184e-02"
" 9";" 30";"30.00";"  -6.27";"*audiencefemme_34";"1.229184e-02"
"14";" 41";"34.15";"  -5.76";"*annéededatediffusion_2012";"1.638551e-02"
"24";" 63";"38.10";"  -5.57";"*audiencehomme_01";"1.826045e-02"
" 0";"  5";" 0.00";"  -5.55";"*duree_00470900";"1.843631e-02"
" 0";"  5";" 0.00";"  -5.55";"*notice_1163341012";"1.843631e-02"
" 0";"  5";" 0.00";"  -5.55";"*notice_3818265001";"1.843631e-02"
" 0";"  5";" 0.00";"  -5.55";"*partdemarche_23";"1.843631e-02"
" 0";"  5";" 0.00";"  -5.55";"*audiencefemme_112";"1.843631e-02"
" 0";"  5";" 0.00";"  -5.55";"*audience_91";"1.843631e-02"
" 0";"  5";" 0.00";"  -5.55";"*duree_02222300";"1.843631e-02"
" 0";"  5";" 0.00";"  -5.55";"*notice_1102103001";"1.843631e-02"
" 0";"  5";" 0.00";"  -5.55";"*partdemarche_235";"1.843631e-02"
" 0";"  5";" 0.00";"  -5.55";"*partdemarche_19";"1.843631e-02"
" 0";"  5";" 0.00";"  -5.55";"*partdemarche_10";"1.843631e-02"
" 0";"  5";" 0.00";"  -5.55";"*chaine_NRJ12";"1.843631e-02"
" 0";"  5";" 0.00";"  -5.55";"*duree_00215400";"1.843631e-02"
" 1";"  8";"12.50";"  -5.17";"*duree_00070800";"2.293161e-02"
" 1";"  8";"12.50";"  -5.17";"*duree_01181900";"2.293161e-02"
" 1";"  8";"12.50";"  -5.17";"*notice_2869952001";"2.293161e-02"
" 6";" 21";"28.57";"  -4.92";"*annéededatediffusion_2001";"2.653553e-02"
" 0";"  4";" 0.00";"  -4.44";"*audiencefemme_199";"3.512078e-02"
" 0";"  4";" 0.00";"  -4.44";"*audiencefemme_61";"3.512078e-02"
" 0";"  4";" 0.00";"  -4.44";"*audiencehomme_72";"3.512078e-02"
" 0";"  4";" 0.00";"  -4.44";"*duree_00463000";"3.512078e-02"
" 0";"  4";" 0.00";"  -4.44";"*audience_153";"3.512078e-02"
" 0";"  4";" 0.00";"  -4.44";"*partdemarche_165";"3.512078e-02"
" 0";"  4";" 0.00";"  -4.44";"*partdemarche_164";"3.512078e-02"
" 0";"  4";" 0.00";"  -4.44";"*audiencefemme_27";"3.512078e-02"
" 0";"  4";" 0.00";"  -4.44";"*duree_00473700";"3.512078e-02"
" 0";"  4";" 0.00";"  -4.44";"*notice_5367293001";"3.512078e-02"
" 0";"  4";" 0.00";"  -4.44";"*duree_00524000";"3.512078e-02"
" 0";"  4";" 0.00";"  -4.44";"*notice_1163341011";"3.512078e-02"
" 0";"  4";" 0.00";"  -4.44";"*chaine_6ter";"3.512078e-02"
" 0";"  4";" 0.00";"  -4.44";"*duree_00270900";"3.512078e-02"
" 0";"  4";" 0.00";"  -4.44";"*notice_5516512001";"3.512078e-02"
" 0";"  4";" 0.00";"  -4.44";"*partdemarche_83";"3.512078e-02"
" 0";"  4";" 0.00";"  -4.44";"*partdemarche_82";"3.512078e-02"
" 0";"  4";" 0.00";"  -4.44";"*partdemarche_175";"3.512078e-02"
" 0";"  4";" 0.00";"  -4.44";"*duree_00244800";"3.512078e-02"
" 0";"  4";" 0.00";"  -4.44";"*notice_4586949001";"3.512078e-02"
" 0";"  4";" 0.00";"  -4.44";"*notice_6794148001";"3.512078e-02"
" 0";"  4";" 0.00";"  -4.44";"*notice_5516514001";"3.512078e-02"
" 0";"  4";" 0.00";"  -4.44";"*duree_00511900";"3.512078e-02"
" 0";"  4";" 0.00";"  -4.44";"*audience_59";"3.512078e-02"
" 0";"  4";" 0.00";"  -4.44";"*audiencehomme_52";"3.512078e-02"
" 0";"  4";" 0.00";"  -4.44";"*notice_1085900016";"3.512078e-02"
" 0";"  4";" 0.00";"  -4.44";"*notice_4268111001";"3.512078e-02"
" 0";"  4";" 0.00";"  -4.44";"*audiencehomme_142";"3.512078e-02"
" 0";"  4";" 0.00";"  -4.44";"*notice_550512022";"3.512078e-02"
" 0";"  4";" 0.00";"  -4.44";"*partdemarche_318";"3.512078e-02"
" 0";"  4";" 0.00";"  -4.44";"*audiencefemme_8";"3.512078e-02"
" 0";"  4";" 0.00";"  -4.44";"*partdemarche_44";"3.512078e-02"
" 0";"  4";" 0.00";"  -4.44";"*duree_00521800";"3.512078e-02"
"32";" 77";"41.56";"  -3.98";"*audiencehomme_06";"4.591963e-02"
"20";" 51";"39.22";"  -3.79";"*partdemarche_11";"5.149893e-02"
" 8";" 24";"33.33";"  -3.62";"*audiencefemme_07";"5.711899e-02"
"24";" 59";"40.68";"  -3.50";"*audience_01";"6.130372e-02"
" 0";"  3";" 0.00";"  -3.33";"*duree_00465200";"6.817507e-02"
" 0";"  3";" 0.00";"  -3.33";"*duree_00462500";"6.817507e-02"
" 0";"  3";" 0.00";"  -3.33";"*notice_1250604012";"6.817507e-02"
" 0";"  3";" 0.00";"  -3.33";"*notice_1068361011";"6.817507e-02"
" 0";"  3";" 0.00";"  -3.33";"*duree_00470600";"6.817507e-02"
" 0";"  3";" 0.00";"  -3.33";"*chaine_TFX";"6.817507e-02"
" 0";"  3";" 0.00";"  -3.33";"*partdemarche_78";"6.817507e-02"
" 0";"  3";" 0.00";"  -3.33";"*audience_31";"6.817507e-02"
" 0";"  3";" 0.00";"  -3.33";"*partdemarche_258";"6.817507e-02"
" 0";"  3";" 0.00";"  -3.33";"*partdemarche_375";"6.817507e-02"
" 0";"  3";" 0.00";"  -3.33";"*audiencehomme_64";"6.817507e-02"
" 0";"  3";" 0.00";"  -3.33";"*audiencefemme_69";"6.817507e-02"
" 0";"  3";" 0.00";"  -3.33";"*notice_1205410014";"6.817507e-02"
" 0";"  3";" 0.00";"  -3.33";"*duree_00470000";"6.817507e-02"
" 0";"  3";" 0.00";"  -3.33";"*notice_1087810018";"6.817507e-02"
" 0";"  3";" 0.00";"  -3.33";"*duree_01301300";"6.817507e-02"
" 0";"  3";" 0.00";"  -3.33";"*partdemarche_29";"6.817507e-02"
" 0";"  3";" 0.00";"  -3.33";"*partdemarche_21";"6.817507e-02"
" 0";"  3";" 0.00";"  -3.33";"*duree_01484000";"6.817507e-02"
" 0";"  3";" 0.00";"  -3.33";"*duree_00525800";"6.817507e-02"
" 0";"  3";" 0.00";"  -3.33";"*notice_1169949013";"6.817507e-02"
" 0";"  3";" 0.00";"  -3.33";"*notice_1247286011";"6.817507e-02"
" 0";"  3";" 0.00";"  -3.33";"*notice_1248476011";"6.817507e-02"
" 0";"  3";" 0.00";"  -3.33";"*notice_1073928012";"6.817507e-02"
" 0";"  3";" 0.00";"  -3.33";"*notice_4337498001";"6.817507e-02"
" 0";"  3";" 0.00";"  -3.33";"*duree_00513500";"6.817507e-02"
" 0";"  3";" 0.00";"  -3.33";"*duree_00525100";"6.817507e-02"
" 0";"  3";" 0.00";"  -3.33";"*notice_1245206012";"6.817507e-02"
" 0";"  3";" 0.00";"  -3.33";"*partdemarche_17";"6.817507e-02"
" 0";"  3";" 0.00";"  -3.33";"*audience_17";"6.817507e-02"
" 0";"  3";" 0.00";"  -3.33";"*audience_66";"6.817507e-02"
" 0";"  3";" 0.00";"  -3.33";"*duree_01010400";"6.817507e-02"
" 0";"  3";" 0.00";"  -3.33";"*audiencehomme_25";"6.817507e-02"
" 0";"  3";" 0.00";"  -3.33";"*duree_00472900";"6.817507e-02"
" 0";"  3";" 0.00";"  -3.33";"*notice_1056951012";"6.817507e-02"
" 0";"  3";" 0.00";"  -3.33";"*duree_00532500";"6.817507e-02"
" 0";"  3";" 0.00";"  -3.33";"*duree_00465800";"6.817507e-02"
" 0";"  3";" 0.00";"  -3.33";"*notice_1241454011";"6.817507e-02"
" 0";"  3";" 0.00";"  -3.33";"*notice_1241454012";"6.817507e-02"
" 0";"  3";" 0.00";"  -3.33";"*duree_00525700";"6.817507e-02"
" 0";"  3";" 0.00";"  -3.33";"*audiencehomme_54";"6.817507e-02"
" 0";"  3";" 0.00";"  -3.33";"*audiencefemme_96";"6.817507e-02"
" 0";"  3";" 0.00";"  -3.33";"*notice_1295536012";"6.817507e-02"
" 0";"  3";" 0.00";"  -3.33";"*notice_1278024012";"6.817507e-02"
" 0";"  3";" 0.00";"  -3.33";"*duree_00464900";"6.817507e-02"
" 0";"  3";" 0.00";"  -3.33";"*notice_4352564001";"6.817507e-02"
" 0";"  3";" 0.00";"  -3.33";"*duree_00462900";"6.817507e-02"
" 0";"  3";" 0.00";"  -3.33";"*duree_00530600";"6.817507e-02"
" 0";"  3";" 0.00";"  -3.33";"*duree_00535800";"6.817507e-02"
" 0";"  3";" 0.00";"  -3.33";"*duree_00473100";"6.817507e-02"
" 0";"  3";" 0.00";"  -3.33";"*notice_720867025";"6.817507e-02"
" 0";"  3";" 0.00";"  -3.33";"*notice_1246225012";"6.817507e-02"
" 0";"  3";" 0.00";"  -3.33";"*notice_1081835016";"6.817507e-02"
" 0";"  3";" 0.00";"  -3.33";"*audiencefemme_3";"6.817507e-02"
" 0";"  3";" 0.00";"  -3.33";"*duree_00464300";"6.817507e-02"
" 0";"  3";" 0.00";"  -3.33";"*notice_5396981001";"6.817507e-02"
" 0";"  3";" 0.00";"  -3.33";"*duree_00530500";"6.817507e-02"
" 0";"  3";" 0.00";"  -3.33";"*notice_1071810019";"6.817507e-02"
" 0";"  3";" 0.00";"  -3.33";"*notice_7867761001";"6.817507e-02"
" 0";"  3";" 0.00";"  -3.33";"*audiencefemme_38";"6.817507e-02"
"14";" 37";"37.84";"  -3.31";"*partdemarche_12";"6.900928e-02"
" 1";"  6";"16.67";"  -3.11";"*partdemarche_15";"7.788646e-02"
"17";" 43";"39.53";"  -3.02";"*partdemarche_09";"8.212565e-02"
"16";" 40";"40.00";"  -2.61";"*chaine_M6";"1.064531e-01"
" 8";" 22";"36.36";"  -2.35";"*annéededatediffusion_2007";"1.254780e-01"
" 0";"  2";" 0.00";"  -2.22";"*duree_00115100";"1.366232e-01"
" 0";"  2";" 0.00";"  -2.22";"*duree_00233300";"1.366232e-01"
" 0";"  2";" 0.00";"  -2.22";"*notice_376893013";"1.366232e-01"
" 0";"  2";" 0.00";"  -2.22";"*notice_1299518012";"1.366232e-01"
" 0";"  2";" 0.00";"  -2.22";"*notice_719861019";"1.366232e-01"
" 0";"  2";" 0.00";"  -2.22";"*duree_00525300";"1.366232e-01"
" 0";"  2";" 0.00";"  -2.22";"*duree_00395400";"1.366232e-01"
" 0";"  2";" 0.00";"  -2.22";"*duree_00130000";"1.366232e-01"
" 0";"  2";" 0.00";"  -2.22";"*duree_00531300";"1.366232e-01"
" 0";"  2";" 0.00";"  -2.22";"*audience_37";"1.366232e-01"
" 0";"  2";" 0.00";"  -2.22";"*notice_4514919001";"1.366232e-01"
" 0";"  2";" 0.00";"  -2.22";"*duree_00583500";"1.366232e-01"
" 0";"  2";" 0.00";"  -2.22";"*duree_00525600";"1.366232e-01"
" 0";"  2";" 0.00";"  -2.22";"*notice_6794151001";"1.366232e-01"
" 0";"  2";" 0.00";"  -2.22";"*notice_1063522009";"1.366232e-01"
" 0";"  2";" 0.00";"  -2.22";"*duree_00463300";"1.366232e-01"
" 0";"  2";" 0.00";"  -2.22";"*notice_341063007";"1.366232e-01"
" 0";"  2";" 0.00";"  -2.22";"*notice_1286743013";"1.366232e-01"
" 0";"  2";" 0.00";"  -2.22";"*notice_1286743012";"1.366232e-01"
" 0";"  2";" 0.00";"  -2.22";"*duree_00110300";"1.366232e-01"
" 0";"  2";" 0.00";"  -2.22";"*notice_534130067";"1.366232e-01"
" 0";"  2";" 0.00";"  -2.22";"*notice_1273105013";"1.366232e-01"
" 0";"  2";" 0.00";"  -2.22";"*duree_01050100";"1.366232e-01"
" 0";"  2";" 0.00";"  -2.22";"*notice_1273105014";"1.366232e-01"
" 0";"  2";" 0.00";"  -2.22";"*notice_58429602";"1.366232e-01"
" 0";"  2";" 0.00";"  -2.22";"*partdemarche_92";"1.366232e-01"
" 0";"  2";" 0.00";"  -2.22";"*notice_1203074016";"1.366232e-01"
" 0";"  2";" 0.00";"  -2.22";"*notice_4792280001";"1.366232e-01"
" 0";"  2";" 0.00";"  -2.22";"*notice_719861021";"1.366232e-01"
" 0";"  2";" 0.00";"  -2.22";"*duree_00530100";"1.366232e-01"
" 0";"  2";" 0.00";"  -2.22";"*notice_1378887002";"1.366232e-01"
" 0";"  2";" 0.00";"  -2.22";"*duree_01331400";"1.366232e-01"
" 0";"  2";" 0.00";"  -2.22";"*partdemarche_166";"1.366232e-01"
" 0";"  2";" 0.00";"  -2.22";"*duree_00521500";"1.366232e-01"
" 0";"  2";" 0.00";"  -2.22";"*notice_1070394026";"1.366232e-01"
" 0";"  2";" 0.00";"  -2.22";"*duree_00215600";"1.366232e-01"
" 0";"  2";" 0.00";"  -2.22";"*notice_671503021";"1.366232e-01"
" 0";"  2";" 0.00";"  -2.22";"*duree_00202200";"1.366232e-01"
" 0";"  2";" 0.00";"  -2.22";"*notice_532936068";"1.366232e-01"
" 0";"  2";" 0.00";"  -2.22";"*notice_1280121012";"1.366232e-01"
" 0";"  2";" 0.00";"  -2.22";"*duree_00532800";"1.366232e-01"
" 0";"  2";" 0.00";"  -2.22";"*duree_00472500";"1.366232e-01"
" 0";"  2";" 0.00";"  -2.22";"*notice_1299518013";"1.366232e-01"
" 0";"  2";" 0.00";"  -2.22";"*notice_1068361012";"1.366232e-01"
" 0";"  2";" 0.00";"  -2.22";"*notice_1066356011";"1.366232e-01"
" 0";"  2";" 0.00";"  -2.22";"*duree_00515400";"1.366232e-01"
" 0";"  2";" 0.00";"  -2.22";"*notice_1066356012";"1.366232e-01"
" 0";"  2";" 0.00";"  -2.22";"*duree_00065100";"1.366232e-01"
" 0";"  2";" 0.00";"  -2.22";"*duree_00472600";"1.366232e-01"
" 0";"  2";" 0.00";"  -2.22";"*partdemarche_0";"1.366232e-01"
" 0";"  2";" 0.00";"  -2.22";"*partdemarche_2";"1.366232e-01"
" 0";"  2";" 0.00";"  -2.22";"*duree_00474200";"1.366232e-01"
" 0";"  2";" 0.00";"  -2.22";"*duree_00520800";"1.366232e-01"
" 0";"  2";" 0.00";"  -2.22";"*duree_00210800";"1.366232e-01"
" 0";"  2";" 0.00";"  -2.22";"*notice_71986102";"1.366232e-01"
" 0";"  2";" 0.00";"  -2.22";"*notice_1162359011";"1.366232e-01"
" 0";"  2";" 0.00";"  -2.22";"*notice_1284522012";"1.366232e-01"
" 0";"  2";" 0.00";"  -2.22";"*notice_1284522013";"1.366232e-01"
" 0";"  2";" 0.00";"  -2.22";"*duree_01333500";"1.366232e-01"
" 0";"  2";" 0.00";"  -2.22";"*partdemarche_18";"1.366232e-01"
" 0";"  2";" 0.00";"  -2.22";"*duree_00465400";"1.366232e-01"
" 0";"  2";" 0.00";"  -2.22";"*notice_6394432001";"1.366232e-01"
" 0";"  2";" 0.00";"  -2.22";"*notice_1065362011";"1.366232e-01"
" 0";"  2";" 0.00";"  -2.22";"*notice_583377018";"1.366232e-01"
" 0";"  2";" 0.00";"  -2.22";"*duree_00511600";"1.366232e-01"
" 0";"  2";" 0.00";"  -2.22";"*audiencehomme_21";"1.366232e-01"
" 0";"  2";" 0.00";"  -2.22";"*duree_00464000";"1.366232e-01"
" 0";"  2";" 0.00";"  -2.22";"*duree_00232500";"1.366232e-01"
" 0";"  2";" 0.00";"  -2.22";"*notice_1287763012";"1.366232e-01"
" 0";"  2";" 0.00";"  -2.22";"*notice_1287763013";"1.366232e-01"
" 0";"  2";" 0.00";"  -2.22";"*notice_536194069";"1.366232e-01"
" 0";"  2";" 0.00";"  -2.22";"*notice_446480033";"1.366232e-01"
" 0";"  2";" 0.00";"  -2.22";"*notice_2954287001";"1.366232e-01"
" 0";"  2";" 0.00";"  -2.22";"*duree_00215000";"1.366232e-01"
" 0";"  2";" 0.00";"  -2.22";"*notice_1137894018";"1.366232e-01"
" 0";"  2";" 0.00";"  -2.22";"*duree_00211700";"1.366232e-01"
" 0";"  2";" 0.00";"  -2.22";"*notice_89320607";"1.366232e-01"
" 0";"  2";" 0.00";"  -2.22";"*duree_00210400";"1.366232e-01"
" 0";"  2";" 0.00";"  -2.22";"*notice_1071804013";"1.366232e-01"
" 0";"  2";" 0.00";"  -2.22";"*duree_00462600";"1.366232e-01"
" 0";"  2";" 0.00";"  -2.22";"*audiencefemme_41";"1.366232e-01"
" 0";"  2";" 0.00";"  -2.22";"*notice_1204090015";"1.366232e-01"
" 0";"  2";" 0.00";"  -2.22";"*notice_1136697019";"1.366232e-01"
" 0";"  2";" 0.00";"  -2.22";"*duree_00504100";"1.366232e-01"
" 0";"  2";" 0.00";"  -2.22";"*duree_00063500";"1.366232e-01"
" 0";"  2";" 0.00";"  -2.22";"*notice_1085900017";"1.366232e-01"
" 0";"  2";" 0.00";"  -2.22";"*duree_00230500";"1.366232e-01"
" 0";"  2";" 0.00";"  -2.22";"*notice_1084793017";"1.366232e-01"
" 0";"  2";" 0.00";"  -2.22";"*duree_00471700";"1.366232e-01"
" 0";"  2";" 0.00";"  -2.22";"*duree_00112600";"1.366232e-01"
" 0";"  2";" 0.00";"  -2.22";"*notice_1075020011";"1.366232e-01"
" 0";"  2";" 0.00";"  -2.22";"*notice_1075020012";"1.366232e-01"
" 0";"  2";" 0.00";"  -2.22";"*notice_527261072";"1.366232e-01"
" 0";"  2";" 0.00";"  -2.22";"*duree_00531700";"1.366232e-01"
" 0";"  2";" 0.00";"  -2.22";"*notice_5012822001";"1.366232e-01"
" 0";"  2";" 0.00";"  -2.22";"*partdemarche_03";"1.366232e-01"
" 0";"  2";" 0.00";"  -2.22";"*duree_00465600";"1.366232e-01"
" 0";"  2";" 0.00";"  -2.22";"*notice_1285623012";"1.366232e-01"
" 0";"  2";" 0.00";"  -2.22";"*notice_762891005";"1.366232e-01"
" 0";"  2";" 0.00";"  -2.22";"*duree_00472000";"1.366232e-01"
" 0";"  2";" 0.00";"  -2.22";"*duree_00462300";"1.366232e-01"
" 0";"  2";" 0.00";"  -2.22";"*audiencefemme_08";"1.366232e-01"
" 0";"  2";" 0.00";"  -2.22";"*notice_1069413011";"1.366232e-01"
" 0";"  2";" 0.00";"  -2.22";"*notice_1069413012";"1.366232e-01"
" 0";"  2";" 0.00";"  -2.22";"*notice_762702005";"1.366232e-01"
" 0";"  2";" 0.00";"  -2.22";"*audiencefemme_2";"1.366232e-01"
" 0";"  2";" 0.00";"  -2.22";"*notice_1274136012";"1.366232e-01"
" 0";"  2";" 0.00";"  -2.22";"*partdemarche_47";"1.366232e-01"
" 0";"  2";" 0.00";"  -2.22";"*notice_7479986001";"1.366232e-01"
" 0";"  2";" 0.00";"  -2.22";"*notice_583377017";"1.366232e-01"
" 0";"  2";" 0.00";"  -2.22";"*audience_18";"1.366232e-01"
" 0";"  2";" 0.00";"  -2.22";"*partdemarche_34";"1.366232e-01"
" 0";"  2";" 0.00";"  -2.22";"*notice_1071804012";"1.366232e-01"
" 0";"  2";" 0.00";"  -2.22";"*partdemarche_199";"1.366232e-01"
" 0";"  2";" 0.00";"  -2.22";"*duree_00113700";"1.366232e-01"
" 0";"  2";" 0.00";"  -2.22";"*duree_00532400";"1.366232e-01"
" 0";"  2";" 0.00";"  -2.22";"*notice_4899548001";"1.366232e-01"
" 0";"  2";" 0.00";"  -2.22";"*partdemarche_105";"1.366232e-01"
" 0";"  2";" 0.00";"  -2.22";"*notice_106352201";"1.366232e-01"
" 0";"  2";" 0.00";"  -2.22";"*notice_1087810019";"1.366232e-01"
" 0";"  2";" 0.00";"  -2.22";"*notice_1292507012";"1.366232e-01"
" 0";"  2";" 0.00";"  -2.22";"*duree_00290500";"1.366232e-01"
" 0";"  2";" 0.00";"  -2.22";"*audiencehomme_43";"1.366232e-01"
" 0";"  2";" 0.00";"  -2.22";"*notice_5026275001";"1.366232e-01"
" 1";"  5";"20.00";"  -2.13";"*duree_02214600";"1.445300e-01"
" 1";"  5";"20.00";"  -2.13";"*audience_114";"1.445300e-01"
" 1";"  5";"20.00";"  -2.13";"*notice_3099269001";"1.445300e-01"
" 1";"  5";"20.00";"  -2.13";"*partdemarche_111";"1.445300e-01"
" 1";"  5";"20.00";"  -2.13";"*partdemarche_335";"1.445300e-01"
" 1";"  5";"20.00";"  -2.13";"*audiencefemme_128";"1.445300e-01"
" 1";"  5";"20.00";"  -2.13";"*audiencehomme_115";"1.445300e-01"
" 3";" 10";"30.00";"  -2.05";"*annéededatediffusion_2011";"1.521150e-01"
"**";"classe";"2";"**";"";""
"****";"520";"1095";"47.49";"****";""
" 5";"61";" 8.20";"-39.99";"extraire";"2.548538e-10"
" 1";"36";" 2.78";"-29.84";"plateau";"4.691459e-08"
" 3";"38";" 7.89";"-24.75";"émission";"6.534606e-07"
" 9";"57";"15.79";"-24.23";"présenter";"8.551643e-07"
" 1";"25";" 4.00";"-19.40";"sujet";"1.058182e-05"
" 8";"44";"18.18";"-15.79";"reportage";"7.080987e-05"
" 1";"21";" 4.76";"-15.67";"retour";"7.524489e-05"
" 1";"21";" 4.76";"-15.67";"pari";"7.524489e-05"
" 0";"17";" 0.00";"-15.62";"extrait";"7.758051e-05"
" 1";"20";" 5.00";"-14.75";"semaine";"1.228687e-04"
"11";"51";"21.57";"-14.41";"parler";"1.469019e-04"
" 2";"22";" 9.09";"-13.27";"consacrer";"2.691028e-04"
" 2";"21";" 9.52";"-12.38";"frédéric";"4.351033e-04"
" 1";"17";" 5.88";"-11.99";"yves";"5.356694e-04"
" 0";"13";" 0.00";"-11.90";"visuel";"5.620107e-04"
" 0";"13";" 0.00";"-11.90";"nes";"5.620107e-04"
" 0";"13";" 0.00";"-11.90";"portrait";"5.620107e-04"
" 2";"20";"10.00";"-11.48";"famille";"7.030022e-04"
" 8";"38";"21.05";"-11.03";"film";"8.953351e-04"
" 0";"12";" 0.00";"-10.97";"quotidien";"9.247793e-04"
" 0";"12";" 0.00";"-10.97";"damien";"9.247793e-04"
" 1";"15";" 6.67";"-10.16";"frère";"1.432808e-03"
" 0";"11";" 0.00";"-10.05";"mois";"1.524495e-03"
" 0";"11";" 0.00";"-10.05";"matin";"1.524495e-03"
" 0";"11";" 0.00";"-10.05";"he";"1.524495e-03"
" 2";"18";"11.11";" -9.71";"professeur";"1.831035e-03"
" 3";"21";"14.29";" -9.47";"montrer";"2.093876e-03"
" 1";"14";" 7.14";" -9.26";"bande";"2.346015e-03"
" 1";"14";" 7.14";" -9.26";"public";"2.346015e-03"
" 0";"10";" 0.00";" -9.13";"cnews";"2.518880e-03"
" 0";"10";" 0.00";" -9.13";"présentation";"2.518880e-03"
" 0";"10";" 0.00";" -9.13";"info";"2.518880e-03"
" 0";"10";" 0.00";" -9.13";"richard";"2.518880e-03"
" 0";"10";" 0.00";" -9.13";"média";"2.518880e-03"
" 0";"10";" 0.00";" -9.13";"courant";"2.518880e-03"
" 0";"10";" 0.00";" -9.13";"archive";"2.518880e-03"
" 0";"10";" 0.00";" -9.13";"secte";"2.518880e-03"
" 0";"10";" 0.00";" -9.13";"galley";"2.518880e-03"
" 0";" 9";" 0.00";" -8.21";"déguiser";"4.173871e-03"
" 0";" 9";" 0.00";" -8.21";"présidentiel";"4.173871e-03"
" 0";" 9";" 0.00";" -8.21";"porter";"4.173871e-03"
" 0";" 9";" 0.00";" -8.21";"diffuser";"4.173871e-03"
" 5";"25";"20.00";" -7.75";"témoignage";"5.364334e-03"
" 4";"22";"18.18";" -7.73";"inviter";"5.423025e-03"
" 0";" 8";" 0.00";" -7.29";"thierry";"6.941561e-03"
" 0";" 8";" 0.00";" -7.29";"lci";"6.941561e-03"
" 0";" 8";" 0.00";" -7.29";"justice";"6.941561e-03"
" 0";" 8";" 0.00";" -7.29";"handicapé";"6.941561e-03"
" 0";" 8";" 0.00";" -7.29";"spectacle";"6.941561e-03"
" 0";" 8";" 0.00";" -7.29";"manifestation";"6.941561e-03"
" 0";" 8";" 0.00";" -7.29";"mai";"6.941561e-03"
" 0";" 8";" 0.00";" -7.29";"entourer";"6.941561e-03"
" 0";" 8";" 0.00";" -7.29";"elisabeth";"6.941561e-03"
" 0";" 8";" 0.00";" -7.29";"compilation";"6.941561e-03"
" 0";" 8";" 0.00";" -7.29";"appel";"6.941561e-03"
" 0";" 8";" 0.00";" -7.29";"user";"6.941561e-03"
" 0";" 8";" 0.00";" -7.29";"témoigner";"6.941561e-03"
" 0";" 8";" 0.00";" -7.29";"physique";"6.941561e-03"
" 0";" 8";" 0.00";" -7.29";"lancer";"6.941561e-03"
" 0";" 8";" 0.00";" -7.29";"isabelle";"6.941561e-03"
" 0";" 8";" 0.00";" -7.29";"compagnie";"6.941561e-03"
" 0";" 8";" 0.00";" -7.29";"amour";"6.941561e-03"
" 0";" 8";" 0.00";" -7.29";"actu";"6.941561e-03"
" 2";"15";"13.33";" -7.11";"marier";"7.645646e-03"
"10";"38";"26.32";" -7.08";"année";"7.808888e-03"
" 3";"18";"16.67";" -6.97";"jacques";"8.280240e-03"
" 1";"11";" 9.09";" -6.57";"star";"1.037304e-02"
" 1";"11";" 9.09";" -6.57";"internet";"1.037304e-02"
" 1";"11";" 9.09";" -6.57";"beau";"1.037304e-02"
" 1";"11";" 9.09";" -6.57";"annonce";"1.037304e-02"
" 1";"11";" 9.09";" -6.57";"aimer";"1.037304e-02"
" 0";" 7";" 0.00";" -6.37";"acteur";"1.159895e-02"
" 0";" 7";" 0.00";" -6.37";"élection";"1.159895e-02"
" 0";" 7";" 0.00";" -6.37";"cercle";"1.159895e-02"
" 0";" 7";" 0.00";" -6.37";"séquence";"1.159895e-02"
" 0";" 7";" 0.00";" -6.37";"problème";"1.159895e-02"
" 0";" 7";" 0.00";" -6.37";"duplex";"1.159895e-02"
" 0";" 7";" 0.00";" -6.37";"didier";"1.159895e-02"
" 0";" 7";" 0.00";" -6.37";"choisir";"1.159895e-02"
" 0";" 7";" 0.00";" -6.37";"jamy";"1.159895e-02"
" 0";" 7";" 0.00";" -6.37";"gourmaud";"1.159895e-02"
" 0";" 7";" 0.00";" -6.37";"crise";"1.159895e-02"
" 0";" 7";" 0.00";" -6.37";"cinéma";"1.159895e-02"
" 0";" 7";" 0.00";" -6.37";"christelle";"1.159895e-02"
" 0";" 7";" 0.00";" -6.37";"ballestrero";"1.159895e-02"
" 2";"14";"14.29";" -6.27";"voix";"1.228419e-02"
" 3";"17";"17.65";" -6.17";"sortir";"1.301871e-02"
"11";"39";"28.21";" -6.03";"image";"1.406204e-02"
" 1";"10";"10.00";" -5.69";"scientologie";"1.708387e-02"
" 1";"10";"10.00";" -5.69";"the";"1.708387e-02"
" 1";"10";"10.00";" -5.69";"carrière";"1.708387e-02"
" 0";" 6";" 0.00";" -5.46";"fils";"1.950143e-02"
" 0";" 6";" 0.00";" -5.46";"droite";"1.950143e-02"
" 0";" 6";" 0.00";" -5.46";"yann";"1.950143e-02"
" 0";" 6";" 0.00";" -5.46";"télévision";"1.950143e-02"
" 0";" 6";" 0.00";" -5.46";"nicolas";"1.950143e-02"
" 0";" 6";" 0.00";" -5.46";"adepte";"1.950143e-02"
" 0";" 6";" 0.00";" -5.46";"style";"1.950143e-02"
" 0";" 6";" 0.00";" -5.46";"salle";"1.950143e-02"
" 0";" 6";" 0.00";" -5.46";"parisien";"1.950143e-02"
" 0";" 6";" 0.00";" -5.46";"laurence";"1.950143e-02"
" 0";" 6";" 0.00";" -5.46";"janvier";"1.950143e-02"
" 0";" 6";" 0.00";" -5.46";"exercice";"1.950143e-02"
" 0";" 6";" 0.00";" -5.46";"contacter";"1.950143e-02"
" 0";" 6";" 0.00";" -5.46";"bourret";"1.950143e-02"
" 0";" 6";" 0.00";" -5.46";"argent";"1.950143e-02"
" 0";" 6";" 0.00";" -5.46";"zeitoun";"1.950143e-02"
" 0";" 6";" 0.00";" -5.46";"vraiment";"1.950143e-02"
" 0";" 6";" 0.00";" -5.46";"ven";"1.950143e-02"
" 0";" 6";" 0.00";" -5.46";"thouanel";"1.950143e-02"
" 0";" 6";" 0.00";" -5.46";"show";"1.950143e-02"
" 0";" 6";" 0.00";" -5.46";"responsable";"1.950143e-02"
" 0";" 6";" 0.00";" -5.46";"musique";"1.950143e-02"
" 0";" 6";" 0.00";" -5.46";"couple";"1.950143e-02"
" 0";" 6";" 0.00";" -5.46";"coach";"1.950143e-02"
" 0";" 6";" 0.00";" -5.46";"choix";"1.950143e-02"
" 0";" 6";" 0.00";" -5.46";"canular";"1.950143e-02"
" 2";"13";"15.38";" -5.44";"jouer";"1.970809e-02"
" 3";"16";"18.75";" -5.38";"information";"2.039519e-02"
" 9";"32";"28.12";" -4.96";"évoquer";"2.599546e-02"
" 1";" 9";"11.11";" -4.82";"luc";"2.820352e-02"
" 1";" 9";"11.11";" -4.82";"philippe";"2.820352e-02"
" 1";" 9";"11.11";" -4.82";"revue";"2.820352e-02"
" 1";" 9";"11.11";" -4.82";"davant";"2.820352e-02"
" 1";" 9";"11.11";" -4.82";"monter";"2.820352e-02"
" 1";" 9";"11.11";" -4.82";"intéresser";"2.820352e-02"
" 1";" 9";"11.11";" -4.82";"cadre";"2.820352e-02"
" 5";"21";"23.81";" -4.81";"partir";"2.822781e-02"
" 2";"12";"16.67";" -4.62";"bernard";"3.156180e-02"
" 2";"12";"16.67";" -4.62";"heure";"3.156180e-02"
" 2";"12";"16.67";" -4.62";"magazine";"3.156180e-02"
" 3";"15";"20.00";" -4.61";"claude";"3.181703e-02"
" 3";"15";"20.00";" -4.61";"commenter";"3.181703e-02"
" 0";" 5";" 0.00";" -4.54";"gasnier";"3.306364e-02"
" 0";" 5";" 0.00";" -4.54";"troisième";"3.306364e-02"
" 0";" 5";" 0.00";" -4.54";"écriture";"3.306364e-02"
" 0";" 5";" 0.00";" -4.54";"bien_être";"3.306364e-02"
" 0";" 5";" 0.00";" -4.54";"élève";"3.306364e-02"
" 0";" 5";" 0.00";" -4.54";"stéphane";"3.306364e-02"
" 0";" 5";" 0.00";" -4.54";"semoun";"3.306364e-02"
" 0";" 5";" 0.00";" -4.54";"saint";"3.306364e-02"
" 0";" 5";" 0.00";" -4.54";"populaire";"3.306364e-02"
" 0";" 5";" 0.00";" -4.54";"louis";"3.306364e-02"
" 0";" 5";" 0.00";" -4.54";"homosexuel";"3.306364e-02"
" 0";" 5";" 0.00";" -4.54";"euro";"3.306364e-02"
" 0";" 5";" 0.00";" -4.54";"conséquence";"3.306364e-02"
" 0";" 5";" 0.00";" -4.54";"animer";"3.306364e-02"
" 0";" 5";" 0.00";" -4.54";"zarzavatdjian";"3.306364e-02"
" 0";" 5";" 0.00";" -4.54";"www";"3.306364e-02"
" 0";" 5";" 0.00";" -4.54";"téléphone";"3.306364e-02"
" 0";" 5";" 0.00";" -4.54";"totalement";"3.306364e-02"
" 0";" 5";" 0.00";" -4.54";"suivant";"3.306364e-02"
" 0";" 5";" 0.00";" -4.54";"spécialiser";"3.306364e-02"
" 0";" 5";" 0.00";" -4.54";"santé";"3.306364e-02"
" 0";" 5";" 0.00";" -4.54";"roulant";"3.306364e-02"
" 0";" 5";" 0.00";" -4.54";"plage";"3.306364e-02"
" 0";" 5";" 0.00";" -4.54";"participation";"3.306364e-02"
" 0";" 5";" 0.00";" -4.54";"original";"3.306364e-02"
" 0";" 5";" 0.00";" -4.54";"nouvel";"3.306364e-02"
" 0";" 5";" 0.00";" -4.54";"méthode";"3.306364e-02"
" 0";" 5";" 0.00";" -4.54";"maladie";"3.306364e-02"
" 0";" 5";" 0.00";" -4.54";"intituler";"3.306364e-02"
" 0";" 5";" 0.00";" -4.54";"illustration";"3.306364e-02"
" 0";" 5";" 0.00";" -4.54";"gueule";"3.306364e-02"
" 0";" 5";" 0.00";" -4.54";"février";"3.306364e-02"
" 0";" 5";" 0.00";" -4.54";"fragile";"3.306364e-02"
" 0";" 5";" 0.00";" -4.54";"fauteuil";"3.306364e-02"
" 0";" 5";" 0.00";" -4.54";"exemple";"3.306364e-02"
" 0";" 5";" 0.00";" -4.54";"doux";"3.306364e-02"
" 0";" 5";" 0.00";" -4.54";"documentaire";"3.306364e-02"
" 0";" 5";" 0.00";" -4.54";"deuxième";"3.306364e-02"
" 0";" 5";" 0.00";" -4.54";"coulisse";"3.306364e-02"
" 0";" 5";" 0.00";" -4.54";"classe";"3.306364e-02"
" 0";" 5";" 0.00";" -4.54";"carrer";"3.306364e-02"
" 0";" 5";" 0.00";" -4.54";"blues";"3.306364e-02"
" 0";" 5";" 0.00";" -4.54";"bergueswood";"3.306364e-02"
" 0";" 5";" 0.00";" -4.54";"anglais";"3.306364e-02"
" 0";" 5";" 0.00";" -4.54";"aborder";"3.306364e-02"
" 5";"20";"25.00";" -4.13";"parent";"4.208985e-02"
" 5";"20";"25.00";" -4.13";"affaire";"4.208985e-02"
"12";"38";"31.58";" -4.00";"enfant";"4.561464e-02"
" 1";" 8";"12.50";" -3.96";"naître";"4.669746e-02"
" 1";" 8";"12.50";" -3.96";"anne";"4.669746e-02"
" 1";" 8";"12.50";" -3.96";"loi";"4.669746e-02"
" 1";" 8";"12.50";" -3.96";"christian";"4.669746e-02"
" 1";" 8";"12.50";" -3.96";"curieux";"4.669746e-02"
" 1";" 8";"12.50";" -3.96";"thevenot";"4.669746e-02"
" 1";" 8";"12.50";" -3.96";"lisa";"4.669746e-02"
" 1";" 8";"12.50";" -3.96";"filmer";"4.669746e-02"
" 1";" 8";"12.50";" -3.96";"début";"4.669746e-02"
" 1";" 8";"12.50";" -3.96";"confiance";"4.669746e-02"
" 1";" 8";"12.50";" -3.96";"concours";"4.669746e-02"
" 2";"11";"18.18";" -3.83";"humour";"5.042997e-02"
" 2";"11";"18.18";" -3.83";"théâtre";"5.042997e-02"
" 2";"11";"18.18";" -3.83";"notamment";"5.042997e-02"
" 9";"30";"30.00";" -3.78";"raconter";"5.177150e-02"
"13";"40";"32.50";" -3.74";"premier";"5.311669e-02"
" 0";" 4";" 0.00";" -3.63";"grandir";"5.672452e-02"
" 0";" 4";" 0.00";" -3.63";"député";"5.672452e-02"
" 0";" 4";" 0.00";" -3.63";"sy";"5.672452e-02"
" 0";" 4";" 0.00";" -3.63";"bruno";"5.672452e-02"
" 0";" 4";" 0.00";" -3.63";"agnès";"5.672452e-02"
" 0";" 4";" 0.00";" -3.63";"festival";"5.672452e-02"
" 0";" 4";" 0.00";" -3.63";"fondateur";"5.672452e-02"
" 0";" 4";" 0.00";" -3.63";"chat";"5.672452e-02"
" 0";" 4";" 0.00";" -3.63";"antenne";"5.672452e-02"
" 0";" 4";" 0.00";" -3.63";"vendredi";"5.672452e-02"
" 0";" 4";" 0.00";" -3.63";"thomas";"5.672452e-02"
" 0";" 4";" 0.00";" -3.63";"soir";"5.672452e-02"
" 0";" 4";" 0.00";" -3.63";"social";"5.672452e-02"
" 0";" 4";" 0.00";" -3.63";"sandrine";"5.672452e-02"
" 0";" 4";" 0.00";" -3.63";"pièce";"5.672452e-02"
" 0";" 4";" 0.00";" -3.63";"payer";"5.672452e-02"
" 0";" 4";" 0.00";" -3.63";"one";"5.672452e-02"
" 0";" 4";" 0.00";" -3.63";"numéro";"5.672452e-02"
" 0";" 4";" 0.00";" -3.63";"manu";"5.672452e-02"
" 0";" 4";" 0.00";" -3.63";"lecluyse";"5.672452e-02"
" 0";" 4";" 0.00";" -3.63";"khomeiny";"5.672452e-02"
" 0";" 4";" 0.00";" -3.63";"fête";"5.672452e-02"
" 0";" 4";" 0.00";" -3.63";"fink";"5.672452e-02"
" 0";" 4";" 0.00";" -3.63";"fillon";"5.672452e-02"
" 0";" 4";" 0.00";" -3.63";"extrême";"5.672452e-02"
" 0";" 4";" 0.00";" -3.63";"emploi";"5.672452e-02"
" 0";" 4";" 0.00";" -3.63";"doigt";"5.672452e-02"
" 0";" 4";" 0.00";" -3.63";"castaner";"5.672452e-02"
" 0";" 4";" 0.00";" -3.63";"avril";"5.672452e-02"
" 0";" 4";" 0.00";" -3.63";"animateur";"5.672452e-02"
" 0";" 4";" 0.00";" -3.63";"équilibre";"5.672452e-02"
" 0";" 4";" 0.00";" -3.63";"week_end";"5.672452e-02"
" 0";" 4";" 0.00";" -3.63";"type";"5.672452e-02"
" 0";" 4";" 0.00";" -3.63";"sketch";"5.672452e-02"
" 0";" 4";" 0.00";" -3.63";"saveur";"5.672452e-02"
" 0";" 4";" 0.00";" -3.63";"rôle";"5.672452e-02"
" 0";" 4";" 0.00";" -3.63";"rock";"5.672452e-02"
" 0";" 4";" 0.00";" -3.63";"rmc";"5.672452e-02"
" 0";" 4";" 0.00";" -3.63";"producteur";"5.672452e-02"
" 0";" 4";" 0.00";" -3.63";"printemps";"5.672452e-02"
" 0";" 4";" 0.00";" -3.63";"pascal";"5.672452e-02"
" 0";" 4";" 0.00";" -3.63";"officiel";"5.672452e-02"
" 0";" 4";" 0.00";" -3.63";"obtenir";"5.672452e-02"
" 0";" 4";" 0.00";" -3.63";"nikos";"5.672452e-02"
" 0";" 4";" 0.00";" -3.63";"méchant";"5.672452e-02"
" 0";" 4";" 0.00";" -3.63";"mr";"5.672452e-02"
" 0";" 4";" 0.00";" -3.63";"mimosa";"5.672452e-02"
" 0";" 4";" 0.00";" -3.63";"matériel";"5.672452e-02"
" 0";" 4";" 0.00";" -3.63";"matinal";"5.672452e-02"
" 0";" 4";" 0.00";" -3.63";"luxe";"5.672452e-02"
" 0";" 4";" 0.00";" -3.63";"louise";"5.672452e-02"
" 0";" 4";" 0.00";" -3.63";"lapsus";"5.672452e-02"
" 0";" 4";" 0.00";" -3.63";"jan";"5.672452e-02"
" 0";" 4";" 0.00";" -3.63";"imion";"5.672452e-02"
" 0";" 4";" 0.00";" -3.63";"illustrer";"5.672452e-02"
" 0";" 4";" 0.00";" -3.63";"henri";"5.672452e-02"
" 0";" 4";" 0.00";" -3.63";"heavy";"5.672452e-02"
" 0";" 4";" 0.00";" -3.63";"entreprise";"5.672452e-02"
" 0";" 4";" 0.00";" -3.63";"endoctriner";"5.672452e-02"
" 0";" 4";" 0.00";" -3.63";"déplacement";"5.672452e-02"
" 0";" 4";" 0.00";" -3.63";"décryptage";"5.672452e-02"
" 0";" 4";" 0.00";" -3.63";"duel";"5.672452e-02"
" 0";" 4";" 0.00";" -3.63";"dreyfus";"5.672452e-02"
" 0";" 4";" 0.00";" -3.63";"dette";"5.672452e-02"
" 0";" 4";" 0.00";" -3.63";"dessiner";"5.672452e-02"
" 0";" 4";" 0.00";" -3.63";"dedile";"5.672452e-02"
" 0";" 4";" 0.00";" -3.63";"culturel";"5.672452e-02"
" 0";" 4";" 0.00";" -3.63";"conférence";"5.672452e-02"
" 0";" 4";" 0.00";" -3.63";"clash";"5.672452e-02"
" 0";" 4";" 0.00";" -3.63";"charger";"5.672452e-02"
" 0";" 4";" 0.00";" -3.63";"chanter";"5.672452e-02"
" 0";" 4";" 0.00";" -3.63";"britannique";"5.672452e-02"
" 0";" 4";" 0.00";" -3.63";"bref";"5.672452e-02"
" 0";" 4";" 0.00";" -3.63";"boiter";"5.672452e-02"
" 0";" 4";" 0.00";" -3.63";"beccaro";"5.672452e-02"
" 0";" 4";" 0.00";" -3.63";"aliagas";"5.672452e-02"
" 8";"27";"29.63";" -3.54";"recevoir";"5.988412e-02"
"17";"49";"34.69";" -3.37";"grand";"6.649814e-02"
" 3";"13";"23.08";" -3.14";"père";"7.620690e-02"
" 1";" 7";"14.29";" -3.11";"avocat";"7.759719e-02"
" 1";" 7";"14.29";" -3.11";"réseau";"7.759719e-02"
" 1";" 7";"14.29";" -3.11";"plaindre";"7.759719e-02"
" 1";" 7";"14.29";" -3.11";"international";"7.759719e-02"
" 1";" 7";"14.29";" -3.11";"technique";"7.759719e-02"
" 1";" 7";"14.29";" -3.11";"personnalité";"7.759719e-02"
" 1";" 7";"14.29";" -3.11";"génération";"7.759719e-02"
" 1";" 7";"14.29";" -3.11";"particulier";"7.759719e-02"
" 1";" 7";"14.29";" -3.11";"journée";"7.759719e-02"
" 1";" 7";"14.29";" -3.11";"enlèvement";"7.759719e-02"
" 1";" 7";"14.29";" -3.11";"cuisine";"7.759719e-02"
" 1";" 7";"14.29";" -3.11";"atr";"7.759719e-02"
" 1";" 7";"14.29";" -3.11";"accueillir";"7.759719e-02"
" 2";"10";"20.00";" -3.06";"écrivain";"8.033747e-02"
" 2";"10";"20.00";" -3.06";"commentaire";"8.033747e-02"
" 2";"10";"20.00";" -3.06";"université";"8.033747e-02"
" 2";"10";"20.00";" -3.06";"coeur";"8.033747e-02"
" 2";"10";"20.00";" -3.06";"préparer";"8.033747e-02"
" 2";"10";"20.00";" -3.06";"façon";"8.033747e-02"
" 0";" 3";" 0.00";" -2.72";"mélenchon";"9.906717e-02"
" 0";" 3";" 0.00";" -2.72";"lopez";"9.906717e-02"
" 0";" 3";" 0.00";" -2.72";"omar";"9.906717e-02"
" 0";" 3";" 0.00";" -2.72";"stylo";"9.906717e-02"
" 0";" 3";" 0.00";" -2.72";"michael";"9.906717e-02"
" 0";" 3";" 0.00";" -2.72";"pratiquer";"9.906717e-02"
" 0";" 3";" 0.00";" -2.72";"plume";"9.906717e-02"
" 0";" 3";" 0.00";" -2.72";"pen";"9.906717e-02"
" 0";" 3";" 0.00";" -2.72";"fr";"9.906717e-02"
" 0";" 3";" 0.00";" -2.72";"onclusive";"9.906717e-02"
" 0";" 3";" 0.00";" -2.72";"berry";"9.906717e-02"
" 0";" 3";" 0.00";" -2.72";"ayatollah";"9.906717e-02"
" 0";" 3";" 0.00";" -2.72";"arabe";"9.906717e-02"
" 0";" 3";" 0.00";" -2.72";"septembre";"9.906717e-02"
" 0";" 3";" 0.00";" -2.72";"scully";"9.906717e-02"
" 0";" 3";" 0.00";" -2.72";"rtbf";"9.906717e-02"
" 0";" 3";" 0.00";" -2.72";"pêcheur";"9.906717e-02"
" 0";" 3";" 0.00";" -2.72";"mêler";"9.906717e-02"
" 0";" 3";" 0.00";" -2.72";"morley";"9.906717e-02"
" 0";" 3";" 0.00";" -2.72";"maitre";"9.906717e-02"
" 0";" 3";" 0.00";" -2.72";"katché";"9.906717e-02"
" 0";" 3";" 0.00";" -2.72";"humoristique";"9.906717e-02"
" 0";" 3";" 0.00";" -2.72";"evanno";"9.906717e-02"
" 0";" 3";" 0.00";" -2.72";"défi";"9.906717e-02"
" 0";" 3";" 0.00";" -2.72";"course";"9.906717e-02"
" 0";" 3";" 0.00";" -2.72";"charlotte";"9.906717e-02"
" 0";" 3";" 0.00";" -2.72";"broch";"9.906717e-02"
" 0";" 3";" 0.00";" -2.72";"bayrou";"9.906717e-02"
" 0";" 3";" 0.00";" -2.72";"barthès";"9.906717e-02"
" 0";" 3";" 0.00";" -2.72";"appartement";"9.906717e-02"
" 0";" 3";" 0.00";" -2.72";"amplifier";"9.906717e-02"
" 0";" 3";" 0.00";" -2.72";"éjonatown";"9.906717e-02"
" 0";" 3";" 0.00";" -2.72";"éducation";"9.906717e-02"
" 0";" 3";" 0.00";" -2.72";"économique";"9.906717e-02"
" 0";" 3";" 0.00";" -2.72";"zapping";"9.906717e-02"
" 0";" 3";" 0.00";" -2.72";"vérif";"9.906717e-02"
" 0";" 3";" 0.00";" -2.72";"tribune";"9.906717e-02"
" 0";" 3";" 0.00";" -2.72";"timbre";"9.906717e-02"
" 0";" 3";" 0.00";" -2.72";"thévenot";"9.906717e-02"
" 0";" 3";" 0.00";" -2.72";"test";"9.906717e-02"
" 0";" 3";" 0.00";" -2.72";"studio";"9.906717e-02"
" 0";" 3";" 0.00";" -2.72";"session";"9.906717e-02"
" 0";" 3";" 0.00";" -2.72";"sectaire";"9.906717e-02"
" 0";" 3";" 0.00";" -2.72";"réaction";"9.906717e-02"
" 0";" 3";" 0.00";" -2.72";"roux";"9.906717e-02"
" 0";" 3";" 0.00";" -2.72";"reconstitution";"9.906717e-02"
" 0";" 3";" 0.00";" -2.72";"quinquagénaire";"9.906717e-02"
" 0";" 3";" 0.00";" -2.72";"qualité";"9.906717e-02"
" 0";" 3";" 0.00";" -2.72";"psychanalyste";"9.906717e-02"
" 0";" 3";" 0.00";" -2.72";"porteil";"9.906717e-02"
" 0";" 3";" 0.00";" -2.72";"photographe";"9.906717e-02"
" 0";" 3";" 0.00";" -2.72";"personnel";"9.906717e-02"
" 0";" 3";" 0.00";" -2.72";"peau";"9.906717e-02"
" 0";" 3";" 0.00";" -2.72";"olympia";"9.906717e-02"
" 0";" 3";" 0.00";" -2.72";"mur";"9.906717e-02"
" 0";" 3";" 0.00";" -2.72";"meteo";"9.906717e-02"
" 0";" 3";" 0.00";" -2.72";"maxence";"9.906717e-02"
" 0";" 3";" 0.00";" -2.72";"mariage";"9.906717e-02"
" 0";" 3";" 0.00";" -2.72";"mardi";"9.906717e-02"
" 0";" 3";" 0.00";" -2.72";"manière";"9.906717e-02"
" 0";" 3";" 0.00";" -2.72";"lynx";"9.906717e-02"
" 0";" 3";" 0.00";" -2.72";"lundi";"9.906717e-02"
" 0";" 3";" 0.00";" -2.72";"kiberlain";"9.906717e-02"
" 0";" 3";" 0.00";" -2.72";"jésus";"9.906717e-02"
" 0";" 3";" 0.00";" -2.72";"jc";"9.906717e-02"
" 0";" 3";" 0.00";" -2.72";"jazz";"9.906717e-02"
" 0";" 3";" 0.00";" -2.72";"itne";"9.906717e-02"
" 0";" 3";" 0.00";" -2.72";"interpeller";"9.906717e-02"
" 0";" 3";" 0.00";" -2.72";"impertinence";"9.906717e-02"
" 0";" 3";" 0.00";" -2.72";"ilario";"9.906717e-02"
" 0";" 3";" 0.00";" -2.72";"highland";"9.906717e-02"
" 0";" 3";" 0.00";" -2.72";"handicaper";"9.906717e-02"
" 0";" 3";" 0.00";" -2.72";"handicap";"9.906717e-02"
" 0";" 3";" 0.00";" -2.72";"grève";"9.906717e-02"
" 0";" 3";" 0.00";" -2.72";"gaspard";"9.906717e-02"
" 0";" 3";" 0.00";" -2.72";"foucault";"9.906717e-02"
" 0";" 3";" 0.00";" -2.72";"fonder";"9.906717e-02"
" 0";" 3";" 0.00";" -2.72";"fonction";"9.906717e-02"
" 0";" 3";" 0.00";" -2.72";"folk";"9.906717e-02"
" 0";" 3";" 0.00";" -2.72";"fin";"9.906717e-02"
" 0";" 3";" 0.00";" -2.72";"feuilleton";"9.906717e-02"
" 0";" 3";" 0.00";" -2.72";"fabriquer";"9.906717e-02"
" 0";" 3";" 0.00";" -2.72";"fabrication";"9.906717e-02"
" 0";" 3";" 0.00";" -2.72";"exactement";"9.906717e-02"
" 0";" 3";" 0.00";" -2.72";"evocation";"9.906717e-02"
" 0";" 3";" 0.00";" -2.72";"effondrement";"9.906717e-02"
" 0";" 3";" 0.00";" -2.72";"développer";"9.906717e-02"
" 0";" 3";" 0.00";" -2.72";"désir";"9.906717e-02"
" 0";" 3";" 0.00";" -2.72";"défiler";"9.906717e-02"
" 0";" 3";" 0.00";" -2.72";"déclencher";"9.906717e-02"
" 0";" 3";" 0.00";" -2.72";"dutronc";"9.906717e-02"
" 0";" 3";" 0.00";" -2.72";"dupont";"9.906717e-02"
" 0";" 3";" 0.00";" -2.72";"divorcer";"9.906717e-02"
" 0";" 3";" 0.00";" -2.72";"dany";"9.906717e-02"
" 0";" 3";" 0.00";" -2.72";"cyril";"9.906717e-02"
" 0";" 3";" 0.00";" -2.72";"culinaire";"9.906717e-02"
" 0";" 3";" 0.00";" -2.72";"cuisinier";"9.906717e-02"
" 0";" 3";" 0.00";" -2.72";"craquer";"9.906717e-02"
" 0";" 3";" 0.00";" -2.72";"court";"9.906717e-02"
" 0";" 3";" 0.00";" -2.72";"compositeur";"9.906717e-02"
" 0";" 3";" 0.00";" -2.72";"collignon";"9.906717e-02"
" 0";" 3";" 0.00";" -2.72";"coke";"9.906717e-02"
" 0";" 3";" 0.00";" -2.72";"chronologique";"9.906717e-02"
" 0";" 3";" 0.00";" -2.72";"chorégraphie";"9.906717e-02"
" 0";" 3";" 0.00";" -2.72";"chaleur";"9.906717e-02"
" 0";" 3";" 0.00";" -2.72";"causer";"9.906717e-02"
" 0";" 3";" 0.00";" -2.72";"calvo";"9.906717e-02"
" 0";" 3";" 0.00";" -2.72";"bêtisier";"9.906717e-02"
" 0";" 3";" 0.00";" -2.72";"burgdorf";"9.906717e-02"
" 0";" 3";" 0.00";" -2.72";"brother";"9.906717e-02"
" 0";" 3";" 0.00";" -2.72";"bretagne";"9.906717e-02"
" 0";" 3";" 0.00";" -2.72";"bras";"9.906717e-02"
" 0";" 3";" 0.00";" -2.72";"brafman";"9.906717e-02"
" 0";" 3";" 0.00";" -2.72";"boon";"9.906717e-02"
" 0";" 3";" 0.00";" -2.72";"barnier";"9.906717e-02"
" 0";" 3";" 0.00";" -2.72";"bande_annonce";"9.906717e-02"
" 0";" 3";" 0.00";" -2.72";"auprès_de";"9.906717e-02"
" 0";" 3";" 0.00";" -2.72";"article";"9.906717e-02"
" 0";" 3";" 0.00";" -2.72";"annette";"9.906717e-02"
" 0";" 3";" 0.00";" -2.72";"affiche";"9.906717e-02"
" 0";" 3";" 0.00";" -2.72";"adjoint";"9.906717e-02"
" 0";" 3";" 0.00";" -2.72";"accueil";"9.906717e-02"
" 0";" 3";" 0.00";" -2.72";"1er";"9.906717e-02"
"19";"52";"36.54";" -2.62";"voir";"1.051930e-01"
" 3";"12";"25.00";" -2.46";"vidéo";"1.167312e-01"
" 3";"12";"25.00";" -2.46";"alain";"1.167312e-01"
" 2";" 9";"22.22";" -2.32";"parole";"1.274652e-01"
" 2";" 9";"22.22";" -2.32";"groupe";"1.274652e-01"
" 2";" 9";"22.22";" -2.32";"gagner";"1.274652e-01"
" 1";" 6";"16.67";" -2.30";"réputation";"1.295125e-01"
" 1";" 6";"16.67";" -2.30";"humoriste";"1.295125e-01"
" 1";" 6";"16.67";" -2.30";"chaîne";"1.295125e-01"
" 1";" 6";"16.67";" -2.30";"procès";"1.295125e-01"
" 1";" 6";"16.67";" -2.30";"intérieur";"1.295125e-01"
" 1";" 6";"16.67";" -2.30";"mouvement";"1.295125e-01"
" 1";" 6";"16.67";" -2.30";"docteur";"1.295125e-01"
" 1";" 6";"16.67";" -2.30";"téléspectateur";"1.295125e-01"
" 1";" 6";"16.67";" -2.30";"gérard";"1.295125e-01"
" 1";" 6";"16.67";" -2.30";"accepter";"1.295125e-01"
" 1";" 6";"16.67";" -2.30";"tester";"1.295125e-01"
" 1";" 6";"16.67";" -2.30";"succès";"1.295125e-01"
" 1";" 6";"16.67";" -2.30";"soeur";"1.295125e-01"
" 1";" 6";"16.67";" -2.30";"région";"1.295125e-01"
" 1";" 6";"16.67";" -2.30";"réalisateur";"1.295125e-01"
" 1";" 6";"16.67";" -2.30";"installer";"1.295125e-01"
" 1";" 6";"16.67";" -2.30";"dominique";"1.295125e-01"
" 1";" 6";"16.67";" -2.30";"château";"1.295125e-01"
" 1";" 6";"16.67";" -2.30";"afrique";"1.295125e-01"
"11";"32";"34.38";" -2.27";"vivre";"1.316309e-01"
" 5";"17";"29.41";" -2.26";"citation";"1.325146e-01"
" 7";"22";"31.82";" -2.21";"jour";"1.370453e-01"
" 4";"14";"28.57";" -2.04";"propre";"1.537043e-01"
"*****";"*";"*";"*";"*";"*"
"151";"393";"38.42";"-20.21";"en";"6.954102e-06"
"  2";" 28";" 7.14";"-18.76";"21";"1.484891e-05"
"  2";" 24";" 8.33";"-15.09";"vous";"1.027244e-04"
"  0";" 14";" 0.00";"-12.82";"08";"3.420477e-04"
"  0";" 14";" 0.00";"-12.82";"bon";"3.420477e-04"
"  1";" 17";" 5.88";"-11.99";"2";"5.356694e-04"
" 28";" 91";"30.77";"-11.13";"sa";"8.515094e-04"
" 17";" 62";"27.42";"-10.62";"20";"1.121681e-03"
" 66";"180";"36.67";"-10.12";"avec";"1.469464e-03"
"  0";" 11";" 0.00";"-10.05";"22";"1.524495e-03"
" 11";" 45";"24.44";" -9.99";"e";"1.570981e-03"
"  2";" 18";"11.11";" -9.71";"avant";"1.831035e-03"
"408";"900";"45.33";" -9.41";"de";"2.153333e-03"
"  6";" 30";"20.00";" -9.35";"comment";"2.234155e-03"
"  0";" 10";" 0.00";" -9.13";"03";"2.518880e-03"
" 17";" 59";"28.81";" -8.72";"c";"3.144978e-03"
"  3";" 20";"15.00";" -8.62";"j";"3.319596e-03"
"  1";" 13";" 7.69";" -8.36";"55";"3.845229e-03"
"  1";" 13";" 7.69";" -8.36";"10";"3.845229e-03"
"  0";"  9";" 0.00";" -8.21";"02";"4.173871e-03"
"122";"301";"40.53";" -8.06";"du";"4.533250e-03"
"  2";" 16";"12.50";" -7.97";"00";"4.752803e-03"
"  2";" 16";"12.50";" -7.97";"12";"4.752803e-03"
" 95";"240";"39.58";" -7.70";"pour";"5.513576e-03"
"  1";" 12";" 8.33";" -7.46";"05";"6.310598e-03"
"  1";" 12";" 8.33";" -7.46";"07";"6.310598e-03"
"  3";" 18";"16.67";" -6.97";"30";"8.280240e-03"
" 11";" 40";"27.50";" -6.65";"19";"9.905264e-03"
"  1";" 11";" 9.09";" -6.57";"40";"1.037304e-02"
"  1";" 11";" 9.09";" -6.57";"je";"1.037304e-02"
" 66";"171";"38.60";" -6.43";"son";"1.124966e-02"
"  0";"  7";" 0.00";" -6.37";"18";"1.159895e-02"
"  0";"  7";" 0.00";" -6.37";"2008";"1.159895e-02"
"  1";" 10";"10.00";" -5.69";"09";"1.708387e-02"
"  0";"  6";" 0.00";" -5.46";"moi";"1.950143e-02"
"  0";"  6";" 0.00";" -5.46";"m";"1.950143e-02"
"  0";"  6";" 0.00";" -5.46";"2007";"1.950143e-02"
"  0";"  6";" 0.00";" -5.46";"vos";"1.950143e-02"
"  2";" 13";"15.38";" -5.44";"23";"1.970809e-02"
"  2";" 13";"15.38";" -5.44";"15";"1.970809e-02"
"  2";" 13";"15.38";" -5.44";"04";"1.970809e-02"
"  3";" 16";"18.75";" -5.38";"chez";"2.039519e-02"
"  1";"  9";"11.11";" -4.82";"44";"2.820352e-02"
"  1";"  9";"11.11";" -4.82";"27";"2.820352e-02"
"  1";"  9";"11.11";" -4.82";"06";"2.820352e-02"
"  1";"  9";"11.11";" -4.82";"26";"2.820352e-02"
"  2";" 12";"16.67";" -4.62";"11";"3.156180e-02"
"  0";"  5";" 0.00";" -4.54";"48";"3.306364e-02"
"  0";"  5";" 0.00";" -4.54";"ma";"3.306364e-02"
"  0";"  5";" 0.00";" -4.54";"merci";"3.306364e-02"
" 11";" 36";"30.56";" -4.28";"deux";"3.856262e-02"
"  1";"  8";"12.50";" -3.96";"57";"4.669746e-02"
"  1";"  8";"12.50";" -3.96";"ça";"4.669746e-02"
"  3";" 14";"21.43";" -3.86";"3";"4.938867e-02"
"  2";" 11";"18.18";" -3.83";"01";"5.042997e-02"
"  2";" 11";"18.18";" -3.83";"1";"5.042997e-02"
"  0";"  4";" 0.00";" -3.63";"58";"5.672452e-02"
"  0";"  4";" 0.00";" -3.63";"32";"5.672452e-02"
"  0";"  4";" 0.00";" -3.63";"1979";"5.672452e-02"
"  0";"  4";" 0.00";" -3.63";"8";"5.672452e-02"
"  0";"  4";" 0.00";" -3.63";"7";"5.672452e-02"
"  3";" 13";"23.08";" -3.14";"17";"7.620690e-02"
"  1";"  7";"14.29";" -3.11";"14";"7.759719e-02"
"  1";"  7";"14.29";" -3.11";"fort";"7.759719e-02"
"  2";" 10";"20.00";" -3.06";"plein";"8.033747e-02"
"  5";" 18";"27.78";" -2.85";"50";"9.130237e-02"
"  7";" 23";"30.43";" -2.74";"quelques";"9.786628e-02"
"  0";"  3";" 0.00";" -2.72";"hier";"9.906717e-02"
"  0";"  3";" 0.00";" -2.72";"demain";"9.906717e-02"
"  0";"  3";" 0.00";" -2.72";"mon";"9.906717e-02"
"  0";"  3";" 0.00";" -2.72";"anti";"9.906717e-02"
"  0";"  3";" 0.00";" -2.72";"1996";"9.906717e-02"
"  0";"  3";" 0.00";" -2.72";"votre";"9.906717e-02"
"  0";"  3";" 0.00";" -2.72";"via";"9.906717e-02"
"  0";"  3";" 0.00";" -2.72";"quels";"9.906717e-02"
"  0";"  3";" 0.00";" -2.72";"inter";"9.906717e-02"
"  0";"  3";" 0.00";" -2.72";"95";"9.906717e-02"
"  0";"  3";" 0.00";" -2.72";"2018";"9.906717e-02"
"  0";"  3";" 0.00";" -2.72";"1992";"9.906717e-02"
"  0";"  3";" 0.00";" -2.72";"1991";"9.906717e-02"
"  0";"  3";" 0.00";" -2.72";"1982";"9.906717e-02"
"  0";"  3";" 0.00";" -2.72";"1978";"9.906717e-02"
"  4";" 15";"26.67";" -2.64";"beaucoup";"1.039341e-01"
"255";"565";"45.13";" -2.60";"et";"1.070000e-01"
" 39";" 98";"39.80";" -2.55";"aux";"1.100011e-01"
"  3";" 12";"25.00";" -2.46";"13";"1.167312e-01"
"  2";"  9";"22.22";" -2.32";"28";"1.274652e-01"
"  1";"  6";"16.67";" -2.30";"36";"1.295125e-01"
"  1";"  6";"16.67";" -2.30";"ensuite";"1.295125e-01"
"  1";"  6";"16.67";" -2.30";"donc";"1.295125e-01"
"  1";"  6";"16.67";" -2.30";"cinq";"1.295125e-01"
" 25";" 65";"38.46";" -2.26";"on";"1.329191e-01"
" 19";" 51";"37.25";" -2.25";"tous";"1.339178e-01"
" 64";"152";"42.11";" -2.05";"au";"1.520883e-01"
"*";"*";"*";"*";"*";"*"
"170";"656";"25.91";"-305.40";"*genregroupe_Magazine";"2.193837e-68"
"117";"455";"25.71";"-148.01";"*publicgroupe_Présencedunpublicinsitu";"4.720125e-34"
" 65";"285";"22.81";" -94.12";"*chaine_France2";"2.971409e-22"
" 42";"190";"22.11";" -59.40";"*publicgroupe_Participationdupublicàdistance";"1.287886e-14"
"356";"849";"41.93";" -46.80";"*mediamatgroupe_Cultureconnaissance";"7.877314e-12"
" 11";" 84";"13.10";" -43.16";"*audiencehomme_14";"5.052674e-11"
"  5";" 48";"10.42";" -27.67";"*audience_26";"1.441297e-07"
"  4";" 44";" 9.09";" -27.10";"*audiencefemme_31";"1.928135e-07"
"  3";" 40";" 7.50";" -26.62";"*mediamatgroupe_Variétésdivertissement";"2.473313e-07"
"  4";" 43";" 9.30";" -26.17";"*audience_12";"3.123068e-07"
" 10";" 60";"16.67";" -24.18";"*audience_07";"8.762441e-07"
"  3";" 37";" 8.11";" -23.81";"*notice_5266931001";"1.060571e-06"
"  3";" 37";" 8.11";" -23.81";"*duree_01390400";"1.060571e-06"
"  3";" 37";" 8.11";" -23.81";"*partdemarche_133";"1.060571e-06"
"  6";" 47";"12.77";" -23.74";"*audiencefemme_12";"1.101035e-06"
" 72";"218";"33.03";" -22.83";"*annéededecennie_2000";"1.773569e-06"
" 12";" 64";"18.75";" -22.51";"*audience_11";"2.087834e-06"
" 18";" 81";"22.22";" -22.39";"*chaine_MonteCarloTMC";"2.222337e-06"
"  0";" 23";" 0.00";" -21.25";"*audiencefemme_17";"4.038959e-06"
"  0";" 21";" 0.00";" -19.36";"*partdemarche_233";"1.081012e-05"
"  3";" 31";" 9.68";" -18.29";"*chaine_C8";"1.896264e-05"
"  2";" 27";" 7.41";" -17.83";"*duree_01363600";"2.410591e-05"
"  2";" 27";" 7.41";" -17.83";"*notice_4202382001";"2.410591e-05"
"  2";" 27";" 7.41";" -17.83";"*partdemarche_143";"2.410591e-05"
"  2";" 27";" 7.41";" -17.83";"*audiencehomme_23";"2.410591e-05"
"  2";" 27";" 7.41";" -17.83";"*audiencefemme_35";"2.410591e-05"
" 10";" 51";"19.61";" -16.67";"*audiencefemme_13";"4.437647e-05"
"  5";" 34";"14.71";" -15.12";"*audience_09";"1.007541e-04"
"  8";" 43";"18.60";" -14.97";"*annéededatediffusion_2008";"1.090053e-04"
"  0";" 15";" 0.00";" -13.75";"*audiencehomme_78";"2.084184e-04"
"  0";" 15";" 0.00";" -13.75";"*notice_3882741001";"2.084184e-04"
"  0";" 15";" 0.00";" -13.75";"*audience_81";"2.084184e-04"
"  0";" 15";" 0.00";" -13.75";"*audiencefemme_9";"2.084184e-04"
"  0";" 15";" 0.00";" -13.75";"*duree_02194000";"2.084184e-04"
" 65";"185";"35.14";" -13.62";"*annéededecennie_1990";"2.234119e-04"
"  1";" 17";" 5.88";" -11.99";"*notice_781122027";"5.356694e-04"
"  1";" 17";" 5.88";" -11.99";"*duree_01351100";"5.356694e-04"
"  5";" 30";"16.67";" -11.75";"*annéededatediffusion_1997";"6.082178e-04"
"  7";" 36";"19.44";" -11.74";"*audience_13";"6.117647e-04"
"  6";" 33";"18.18";" -11.72";"*publicgroupe_Plusdedouzeans";"6.185995e-04"
"  8";" 38";"21.05";" -11.03";"*audiencefemme_15";"8.953351e-04"
"  5";" 29";"17.24";" -10.93";"*audiencehomme_08";"9.466796e-04"
" 15";" 57";"26.32";" -10.81";"*annéededatediffusion_2017";"1.009813e-03"
"  0";" 11";" 0.00";" -10.05";"*duree_01241400";"1.524495e-03"
"  0";" 11";" 0.00";" -10.05";"*notice_6156750001";"1.524495e-03"
"  0";" 11";" 0.00";" -10.05";"*audiencehomme_61";"1.524495e-03"
"  0";" 11";" 0.00";" -10.05";"*audiencefemme_85";"1.524495e-03"
"  0";" 11";" 0.00";" -10.05";"*partdemarche_395";"1.524495e-03"
"  0";" 11";" 0.00";" -10.05";"*duree_00351300";"1.524495e-03"
"  0";" 11";" 0.00";" -10.05";"*notice_276150001";"1.524495e-03"
"  0";" 11";" 0.00";" -10.05";"*partdemarche_84";"1.524495e-03"
" 11";" 45";"24.44";"  -9.99";"*audience_2";"1.570981e-03"
"  3";" 21";"14.29";"  -9.47";"*duree_01000200";"2.093876e-03"
"  3";" 21";"14.29";"  -9.47";"*audiencefemme_28";"2.093876e-03"
"  3";" 21";"14.29";"  -9.47";"*notice_1106019016";"2.093876e-03"
"  6";" 30";"20.00";"  -9.35";"*annéededatediffusion_2009";"2.234155e-03"
" 21";" 70";"30.00";"  -9.17";"*annéededatediffusion_2018";"2.457725e-03"
"  0";" 10";" 0.00";"  -9.13";"*notice_6283387001";"2.518880e-03"
"  0";" 10";" 0.00";"  -9.13";"*audiencefemme_09";"2.518880e-03"
"  0";" 10";" 0.00";"  -9.13";"*duree_00394600";"2.518880e-03"
"  7";" 32";"21.88";"  -8.67";"*audiencefemme_14";"3.231033e-03"
"  1";" 13";" 7.69";"  -8.36";"*partdemarche_26";"3.845229e-03"
"  1";" 13";" 7.69";"  -8.36";"*duree_00373000";"3.845229e-03"
"  1";" 13";" 7.69";"  -8.36";"*duree_00571900";"3.845229e-03"
"  1";" 13";" 7.69";"  -8.36";"*partdemarche_42";"3.845229e-03"
"  1";" 13";" 7.69";"  -8.36";"*notice_1113855013";"3.845229e-03"
"  1";" 13";" 7.69";"  -8.36";"*notice_4128704001";"3.845229e-03"
"  0";"  9";" 0.00";"  -8.21";"*partdemarche_176";"4.173871e-03"
"  0";"  9";" 0.00";"  -8.21";"*duree_00260000";"4.173871e-03"
"  0";"  9";" 0.00";"  -8.21";"*audiencefemme_29";"4.173871e-03"
"  0";"  9";" 0.00";"  -8.21";"*notice_343071028";"4.173871e-03"
"  0";"  9";" 0.00";"  -8.21";"*notice_818268001";"4.173871e-03"
"  0";"  9";" 0.00";"  -8.21";"*duree_01340300";"4.173871e-03"
"  0";"  9";" 0.00";"  -8.21";"*notice_1172103001";"4.173871e-03"
"  0";"  9";" 0.00";"  -8.21";"*partdemarche_86";"4.173871e-03"
"  0";"  9";" 0.00";"  -8.21";"*duree_01390200";"4.173871e-03"
"  0";"  9";" 0.00";"  -8.21";"*partdemarche_186";"4.173871e-03"
"  0";"  9";" 0.00";"  -8.21";"*notice_3631215001";"4.173871e-03"
"  0";"  9";" 0.00";"  -8.21";"*audiencehomme_11";"4.173871e-03"
"  0";"  9";" 0.00";"  -8.21";"*duree_00321600";"4.173871e-03"
"  0";"  9";" 0.00";"  -8.21";"*audience_29";"4.173871e-03"
"  3";" 19";"15.79";"  -7.79";"*partdemarche_31";"5.250011e-03"
"  2";" 15";"13.33";"  -7.11";"*partdemarche_28";"7.645646e-03"
"  5";" 24";"20.83";"  -6.99";"*audience_25";"8.190643e-03"
"  1";" 11";" 9.09";"  -6.57";"*partdemarche_118";"1.037304e-02"
"  1";" 11";" 9.09";"  -6.57";"*notice_3078258001";"1.037304e-02"
"  1";" 11";" 9.09";"  -6.57";"*partdemarche_67";"1.037304e-02"
"  1";" 11";" 9.09";"  -6.57";"*duree_00513100";"1.037304e-02"
"  0";"  7";" 0.00";"  -6.37";"*audiencehomme_123";"1.159895e-02"
"  0";"  7";" 0.00";"  -6.37";"*duree_02161600";"1.159895e-02"
"  0";"  7";" 0.00";"  -6.37";"*partdemarche_167";"1.159895e-02"
"  0";"  7";" 0.00";"  -6.37";"*duree_01153300";"1.159895e-02"
"  0";"  7";" 0.00";"  -6.37";"*notice_5902399001";"1.159895e-02"
"  0";"  7";" 0.00";"  -6.37";"*duree_00433600";"1.159895e-02"
"  0";"  7";" 0.00";"  -6.37";"*notice_3198280001";"1.159895e-02"
"  0";"  7";" 0.00";"  -6.37";"*partdemarche_333";"1.159895e-02"
"  0";"  7";" 0.00";"  -6.37";"*notice_1536818001";"1.159895e-02"
"  0";"  7";" 0.00";"  -6.37";"*audiencefemme_135";"1.159895e-02"
" 19";" 60";"31.67";"  -6.37";"*annéededatediffusion_2010";"1.159113e-02"
"  2";" 14";"14.29";"  -6.27";"*notice_764979026";"1.228419e-02"
"  2";" 14";"14.29";"  -6.27";"*duree_02492000";"1.228419e-02"
"  5";" 23";"21.74";"  -6.25";"*partdemarche_65";"1.244354e-02"
"  3";" 17";"17.65";"  -6.17";"*duree_00425100";"1.301871e-02"
"  4";" 20";"20.00";"  -6.17";"*annéededatediffusion_2002";"1.297132e-02"
"  3";" 17";"17.65";"  -6.17";"*notice_6112318001";"1.301871e-02"
"  1";" 10";"10.00";"  -5.69";"*duree_01453800";"1.708387e-02"
"  1";" 10";"10.00";"  -5.69";"*notice_626588001";"1.708387e-02"
"  1";" 10";"10.00";"  -5.69";"*partdemarche_127";"1.708387e-02"
"  1";" 10";"10.00";"  -5.69";"*notice_4010937001";"1.708387e-02"
"  1";" 10";"10.00";"  -5.69";"*duree_01262100";"1.708387e-02"
"  1";" 10";"10.00";"  -5.69";"*partdemarche_49";"1.708387e-02"
"  6";" 25";"24.00";"  -5.66";"*annéededatediffusion_2006";"1.735294e-02"
"  0";"  6";" 0.00";"  -5.46";"*duree_01030900";"1.950143e-02"
"  0";"  6";" 0.00";"  -5.46";"*audiencehomme_71";"1.950143e-02"
"  0";"  6";" 0.00";"  -5.46";"*notice_1650677001";"1.950143e-02"
"  0";"  6";" 0.00";"  -5.46";"*audience_1";"1.950143e-02"
"  0";"  6";" 0.00";"  -5.46";"*notice_5861025001";"1.950143e-02"
"  0";"  6";" 0.00";"  -5.46";"*audience_83";"1.950143e-02"
"  0";"  6";" 0.00";"  -5.46";"*partdemarche_122";"1.950143e-02"
"  0";"  6";" 0.00";"  -5.46";"*notice_2975409001";"1.950143e-02"
"  0";"  6";" 0.00";"  -5.46";"*duree_00445500";"1.950143e-02"
"  0";"  6";" 0.00";"  -5.46";"*duree_01131900";"1.950143e-02"
"  0";"  6";" 0.00";"  -5.46";"*partdemarche_265";"1.950143e-02"
"  0";"  6";" 0.00";"  -5.46";"*audiencefemme_103";"1.950143e-02"
"  3";" 16";"18.75";"  -5.38";"*audiencefemme_18";"2.039519e-02"
" 10";" 35";"28.57";"  -5.19";"*chaine_ARTE";"2.273633e-02"
"  6";" 24";"25.00";"  -4.98";"*audiencehomme_31";"2.569508e-02"
"  8";" 29";"27.59";"  -4.73";"*audiencefemme_36";"2.961073e-02"
"  3";" 15";"20.00";"  -4.61";"*notice_2127313001";"3.181703e-02"
"  3";" 15";"20.00";"  -4.61";"*duree_01164200";"3.181703e-02"
"  3";" 15";"20.00";"  -4.61";"*partdemarche_297";"3.181703e-02"
"  3";" 15";"20.00";"  -4.61";"*audiencehomme_13";"3.181703e-02"
"  3";" 15";"20.00";"  -4.61";"*duree_01221600";"3.181703e-02"
"  3";" 15";"20.00";"  -4.61";"*notice_3616310001";"3.181703e-02"
"  0";"  5";" 0.00";"  -4.54";"*duree_00585100";"3.306364e-02"
"  0";"  5";" 0.00";"  -4.54";"*notice_2234259001";"3.306364e-02"
"  0";"  5";" 0.00";"  -4.54";"*duree_01240100";"3.306364e-02"
"  0";"  5";" 0.00";"  -4.54";"*duree_01122800";"3.306364e-02"
"  0";"  5";" 0.00";"  -4.54";"*partdemarche_239";"3.306364e-02"
"  0";"  5";" 0.00";"  -4.54";"*annéededatediffusion_2003";"3.306364e-02"
"  0";"  5";" 0.00";"  -4.54";"*notice_2579461001";"3.306364e-02"
"  0";"  5";" 0.00";"  -4.54";"*audiencefemme_19";"3.306364e-02"
"  0";"  5";" 0.00";"  -4.54";"*notice_189392001";"3.306364e-02"
"  0";"  5";" 0.00";"  -4.54";"*annéededatediffusion_2004";"3.306364e-02"
"  0";"  5";" 0.00";"  -4.54";"*duree_01060400";"3.306364e-02"
"  0";"  5";" 0.00";"  -4.54";"*mediamatgroupe_Information";"3.306364e-02"
"  0";"  5";" 0.00";"  -4.54";"*notice_3373231001";"3.306364e-02"
"  7";" 26";"26.92";"  -4.52";"*annéededatediffusion_1996";"3.356053e-02"
"  5";" 20";"25.00";"  -4.13";"*audiencefemme_11";"4.208985e-02"
"  4";" 17";"23.53";"  -3.98";"*partdemarche_30";"4.617849e-02"
"  4";" 17";"23.53";"  -3.98";"*duree_01495300";"4.617849e-02"
"  4";" 17";"23.53";"  -3.98";"*duree_01103200";"4.617849e-02"
"  4";" 17";"23.53";"  -3.98";"*notice_3768429001";"4.617849e-02"
"  4";" 17";"23.53";"  -3.98";"*notice_1133359001";"4.617849e-02"
"  1";"  8";"12.50";"  -3.96";"*duree_00351100";"4.669746e-02"
"  1";"  8";"12.50";"  -3.96";"*duree_00430600";"4.669746e-02"
"  1";"  8";"12.50";"  -3.96";"*notice_5918167001";"4.669746e-02"
"  1";"  8";"12.50";"  -3.96";"*notice_6152769001";"4.669746e-02"
"  9";" 30";"30.00";"  -3.78";"*audiencehomme_26";"5.177150e-02"
"  6";" 22";"27.27";"  -3.68";"*audiencehomme_1";"5.508827e-02"
"  0";"  4";" 0.00";"  -3.63";"*duree_01195900";"5.672452e-02"
"  0";"  4";" 0.00";"  -3.63";"*notice_2100570001";"5.672452e-02"
"  0";"  4";" 0.00";"  -3.63";"*partdemarche_281";"5.672452e-02"
"  8";" 27";"29.63";"  -3.54";"*annéededatediffusion_2000";"5.988412e-02"
"  5";" 19";"26.32";"  -3.48";"*partdemarche_56";"6.226836e-02"
"  4";" 16";"25.00";"  -3.29";"*partdemarche_22";"6.957508e-02"
"  4";" 16";"25.00";"  -3.29";"*audiencehomme_41";"6.957508e-02"
"  3";" 13";"23.08";"  -3.14";"*audience_38";"7.620690e-02"
"  3";" 13";"23.08";"  -3.14";"*notice_1428844001";"7.620690e-02"
"  3";" 13";"23.08";"  -3.14";"*duree_01481700";"7.620690e-02"
"  3";" 13";"23.08";"  -3.14";"*partdemarche_422";"7.620690e-02"
"  1";"  7";"14.29";"  -3.11";"*notice_671330001";"7.759719e-02"
"  1";"  7";"14.29";"  -3.11";"*partdemarche_132";"7.759719e-02"
"  1";"  7";"14.29";"  -3.11";"*duree_00303400";"7.759719e-02"
" 27";" 72";"37.50";"  -3.08";"*annéededatediffusion_1999";"7.909293e-02"
"  5";" 18";"27.78";"  -2.85";"*annéededatediffusion_1995";"9.130237e-02"
"  7";" 23";"30.43";"  -2.74";"*audiencehomme_12";"9.786628e-02"
"  0";"  3";" 0.00";"  -2.72";"*duree_00300900";"9.906717e-02"
"  0";"  3";" 0.00";"  -2.72";"*notice_4596770001";"9.906717e-02"
"  0";"  3";" 0.00";"  -2.72";"*notice_618162042";"9.906717e-02"
"  0";"  3";" 0.00";"  -2.72";"*notice_550476001";"9.906717e-02"
"  0";"  3";" 0.00";"  -2.72";"*duree_00242000";"9.906717e-02"
"  0";"  3";" 0.00";"  -2.72";"*duree_00510300";"9.906717e-02"
"  0";"  3";" 0.00";"  -2.72";"*partdemarche_221";"9.906717e-02"
"  0";"  3";" 0.00";"  -2.72";"*audiencehomme_56";"9.906717e-02"
"  0";"  3";" 0.00";"  -2.72";"*duree_01102700";"9.906717e-02"
"  0";"  3";" 0.00";"  -2.72";"*audiencefemme_76";"9.906717e-02"
"  0";"  3";" 0.00";"  -2.72";"*notice_5454725001";"9.906717e-02"
"  4";" 15";"26.67";"  -2.64";"*audience_64";"1.039341e-01"
"  3";" 12";"25.00";"  -2.46";"*audiencehomme_24";"1.167312e-01"
"  5";" 17";"29.41";"  -2.26";"*audiencefemme_22";"1.325146e-01"
"  5";" 17";"29.41";"  -2.26";"*notice_1230963016";"1.325146e-01"
"  5";" 17";"29.41";"  -2.26";"*duree_00494600";"1.325146e-01"
"  5";" 17";"29.41";"  -2.26";"*audience_22";"1.325146e-01"
"  5";" 17";"29.41";"  -2.26";"*notice_1221065017";"1.325146e-01"
"  5";" 17";"29.41";"  -2.26";"*duree_01000000";"1.325146e-01"
" 24";" 62";"38.71";"  -2.03";"*chaine_France5";"1.541033e-01"
