petit;226;adj
ancien;157;adj
fille;134;nom
monde;131;nom
extraire;112;ver
nouveau;107;adj
aventure;107;nom
nombreux;98;adj
vie;95;nom
île;85;nom
terre;85;nom
provoquer;84;ver
incident;82;nom
prendre;80;ver
tropical;77;adj
prétexte;77;nom
fatou;77;nr
homme;72;nom
présenter;64;ver
jeune;63;adj
humour;63;nom
super;62;adj
planète;61;nom
invité;60;nom
voir;59;ver
tenter;59;ver
sauver;59;ver
tête;58;nom
film;56;nom
venir;55;ver
grand;55;adj
city;55;nom
premier;53;adj
titan;52;nom
parler;52;ver
christophe;52;nr
phénomène;51;nom
passer;51;ver
parent;51;nom
année;51;nom
robin;50;nom
grave;50;adj
batman;50;nr
teen;49;nr
péril;49;nom
julien;49;adj
gasnier;48;nr
chalumeau;48;nom
bellver;48;nr
ambre;48;nom
étrange;47;adj
reportage;47;nom
fry;46;nr
découvrir;46;ver
émission;45;nom
millénaire;45;nom
départ;45;nom
côté;45;nom
réveiller;44;ver
univers;43;nom
rendre;43;ver
pizza;43;nom
new_yorkais;43;adj
livreur;43;nom
image;43;nom
eric;43;nr
enfant;43;nom
dettinger;43;nr
cryogénisé;43;nr
spécialiste;42;nom
mazaurette;41;nr
espace;41;nom
propre;40;adj
livre;40;nom
etienne;40;nr
carbonnier;40;nr
astronaute;40;nom
aller;40;ver
évoquer;39;ver
série;39;nom
recherche;39;nom
quitter;39;ver
scientifique;38;adj
preuve;38;nom
humain;38;nom
histoire;38;nom
donner;38;ver
plateau;37;nom
maïa;37;nom
courir;37;ver
lointain;36;adj
expliquer;36;ver
débat;36;nom
dernier;36;adj
retrouver;35;ver
posséder;35;ver
origine;35;nom
comprendre;35;ver
terrien;34;nom
robot;34;nom
naître;34;ver
inviter;34;ver
frédéric;34;nr
voler;33;ver
vivre;33;ver
président;33;nom
police;33;nom
membre;33;nom
général;33;adj
trouver;32;ver
revenir;32;ver
politique;32;nom
luc;32;nr
citation;32;nom
cas;32;nom
américain;32;adj
acteur;32;nom
témoin;31;nom
thierry;31;nr
sujet;31;nom
question;31;nom
manquer;31;ver
grandir;31;ver
forme;31;nom
député;31;nom
claude;31;nom
unir;30;ver
raconter;30;ver
porte;30;nom
intervenir;30;ver
figure;30;nom
david;30;nr
édition;29;nom
visuel;29;adj
site;29;nom
secrétaire;29;nom
retour;29;nom
recevoir;29;ver
environnement;29;nom
danger;29;nom
cirque;29;nom
affaire;29;nom
adopter;29;ver
théoricien;28;nom
ciel;28;nom
visiteur;27;nom
témoignage;27;nom
rythmé;27;adj
parole;27;nom
objet;27;nom
jump;27;nr
femme;27;nom
entraîner;27;ver
créature;27;nom
connaître;27;ver
ados;27;nom
tamaran;26;nr
starfire;26;nr
raven;26;nr
prince;26;nom
peupler;26;ver
partir;26;ver
mélenchon;26;nr
gotham;26;nr
décontraction;26;nom
culture;26;nom
conquérant;26;nom
animation;26;nom
aile;26;nom
accidentellement;26;adv
temps;25;nom
sophie;25;nom
rencontre;25;nom
penser;25;ver
mettre;25;ver
jour;25;nom
identifier;25;ver
découverte;25;nom
devenir;25;ver
voyage;24;nom
vaisseau;24;nom
sy;24;nr
pierre;24;nom
photo;24;nom
montrer;24;ver
ministre;24;nom
humanité;24;nom
cnews;24;nr
bernard;24;nr
avocat;24;nom
affirmer;24;ver
adolescent;24;nom
écrivain;23;nom
françois;23;nr
famille;23;nom
extrait;23;nom
entier;23;adj
disciple;23;nom
consacrer;23;ver
antoine;23;nr
équipe;22;nom
volant;22;adj
semaine;22;nom
laisser;22;ver
jeu;22;nom
haut;22;adj
fois;22;nom
enquête;22;nom
déclaration;22;nom
anne;22;nr
ami;22;nom
visite;21;nom
réalité;21;nom
rester;21;ver
professeur;21;nom
pari;21;nom
lci;21;nr
jaune;21;adj
information;21;nom
gilet;21;nom
ex;21;nr
désert;21;nom
bristielle;21;nr
animal;21;adj
agir;21;ver
perquisition;20;nom
permettre;20;ver
partie;20;nom
maison;20;nom
contact;20;nom
bruno;20;nr
état;19;nom
vidéo;19;adj
utiliser;19;ver
système;19;nom
spatial;19;adj
réputation;19;nom
possible;19;adj
médecin;19;nom
mystérieux;19;adj
iran;19;nr
giorgio;19;nr
gens;19;nom
expérience;19;nom
décider;19;ver
cours;19;nom
commentaire;19;nom
cacher;19;ver
bfm;19;nr
yves;18;nr
tsoukalos;18;nr
troisième;18;adj
tomber;18;ver
suite;18;nom
sortir;18;ver
seul;18;adj
sentir;18;ver
révéler;18;ver
olivier;18;nom
jacques;18;nom
incroyable;18;adj
gouvernement;18;nom
étude;17;nom
voix;17;nom
valentin;17;nom
université;17;nom
présentation;17;nom
lrem;17;nr
frère;17;nom
corps;17;nom
commenter;17;ver
candidat;17;nom
album;17;nom
école;16;nom
val;16;nom
technologie;16;nom
sembler;16;ver
secret;16;adj
scientologie;16;nom
père;16;nom
proposer;16;ver
persuader;16;ver
mars;16;nom
lune;16;nom
lopez;16;nr
info;16;nom
exister;16;ver
examiner;16;ver
continuer;16;ver
comportement;16;nom
chercher;16;ver
blanc;16;adj
arriver;16;ver
apparition;16;nom
alliance;16;nom
alexandre;16;nr
époque;15;nom
yacine;15;nr
soucoupe;15;nom
raid;15;nom
pomart;15;nr
oise;15;nr
mort;15;nom
millier;15;nom
marier;15;ver
lieu;15;nom
lfi;15;nr
laëtitia;15;nr
joe;15;nr
etats;15;nr
déguiser;15;ver
discussion;15;nom
dewalle;15;nr
créer;15;ver
construire;15;ver
commencer;15;ver
claviere;15;nr
chanson;15;nom
belhousse;15;nr
bande;15;nom
ville;14;nom
vigier;14;nr
vigi;14;nr
travailler;14;ver
théorie;14;nom
syndicat;14;nom
star;14;nom
solère;14;nr
seines;14;nr
réaliser;14;ver
rencontrer;14;ver
quotidien;14;adj
public;14;adj
présidentiel;14;adj
près_de;14;adv
polémiste;14;nom
plan;14;nom
patron;14;nom
part;14;nom
nasa;14;nr
moment;14;nom
langlois;14;nr
karim;14;nr
jt;14;nr
journal;14;nom
italie;14;nr
hugues;14;nr
géant;14;adj
groupe;14;nom
gitan;14;nom
emmanuel;14;nr
dieu;14;nom
depétrini;14;nr
brigitte;14;nr
actuel;14;adj
élection;13;nom
âge;13;nom
travers;13;nom
suggérer;13;ver
richard;13;adj
recette;13;nom
rappeler;13;ver
propos;13;nom
portrait;13;nom
omar;13;nr
nouvelle;13;adj
média;13;nom
long;13;adj
jouer;13;ver
humoriste;13;adj
heure;13;nom
explorer;13;ver
envoyer;13;ver
entrer;13;ver
delage;13;nr
csa;13;nr
corbière;13;nr
coeur;13;nom
christine;13;nr
chanteur;13;nom
antique;13;adj
alexis;13;nr
alain;13;nom
affrontement;13;nom
évolution;12;nom
écrire;12;ver
véritable;12;adj
visage;12;nom
vincent;12;nr
urgentiste;12;nom
toulouse;12;nr
théâtre;12;nom
science;12;nom
répondre;12;ver
revel;12;nr
pyramide;12;nom
philippe;12;nr
naulleau;12;nr
mois;12;nom
mauvais;12;adj
matin;12;nom
magazine;12;nom
légende;12;nom
ligne;12;nom
laure;12;nr
laporte;12;nr
kelly;12;nr
jimmy;12;nr
internet;12;nom
héros;12;nom
he;12;nr
guerre;12;nom
explication;12;nom
décrire;12;ver
débarquer;12;ver
dossier;12;nom
différent;12;adj
damien;12;nr
courant;12;nom
conseil;12;nom
comédien;12;nom
chef;12;nom
bord;12;nom
beau;12;adj
auproux;12;nr
archive;12;nom
agathe;12;nom
élément;11;nom
zorbb;11;nr
zone;11;nom
watrin;11;nr
victime;11;nom
ukrainien;11;adj
travail;11;nom
transformer;11;ver
the;11;nr
structure;11;nom
siècle;11;nom
servir;11;ver
salvatore;11;nr
rugby;11;nom
rick;11;nr
représentant;11;nom
poser;11;ver
observation;11;nom
nuit;11;nom
notamment;11;adv
mythe;11;nom
mystère;11;nom
mot;11;nom
mohammed;11;nr
mener;11;ver
meilleur;11;adj
marine;11;adj
margot;11;nom
main;11;nom
lilia;11;nr
leçon;11;nom
justice;11;nom
important;11;adj
hassaine;11;nr
hapsatou;11;nr
handicapé;11;nom
garçon;11;nom
gagner;11;ver
fédération;11;nom
force;11;nom
fils;11;nom
fantôme;11;nom
face;11;nom
extra_terrestre;11;nom
expert;11;nom
ex_membre;11;nom
entrepreneur;11;nom
effet;11;nom
convaincre;11;ver
cnrs;11;nr
chose;11;nom
chine;11;nom
carrière;11;nom
cabrol;11;nr
boucher;11;nom
base;11;nom
avenir;11;nom
association;11;nom
apporter;11;ver
annonce;11;nom
aimer;11;ver
également;10;adv
xavier;10;nom
vilain;10;adj
vendre;10;ver
trace;10;nom
tourner;10;ver
tirailleur;10;nom
suivre;10;ver
sud;10;nom
substance;10;nom
sport;10;nom
secte;10;nom
réseau;10;nom
récit;10;nom
rouge;10;adj
revue;10;nom
rapport;10;nom
préparer;10;ver
porter;10;ver
peret;10;nr
nucléaire;10;adj
nombre;10;nom
nom;10;nom
mère;10;nom
moyen;10;nom
message;10;nom
loi;10;nom
laurie;10;nr
jerry;10;nr
galley;10;nr
fou;10;adj
façon;10;nom
enlever;10;ver
déage;10;nr
diffuser;10;ver
davant;10;nr
clair;10;adj
christian;10;nr
chien;10;nom
chercheur;10;nom
chaîne;10;nom
chaouch;10;nom
capable;10;adj
bout;10;nom
boucherie;10;nom
astrophysicien;10;nom
appeler;10;ver
aider;10;ver
ahmed;10;nr
agnès;10;nr
étranger;9;adj
église;9;nom
zemmour;9;nr
virtuel;9;adj
village;9;nom
trompesauce;9;nr
thème;9;nom
spectacle;9;nom
signe;9;nom
scooby;9;nr
says;9;nr
république;9;nom
roswell;9;nr
ressemblant;9;adj
relation;9;nom
puissant;9;adj
pucine;9;nr
prouver;9;ver
procès;9;nom
plaindre;9;ver
place;9;nom
pilote;9;nom
perdre;9;ver
peinture;9;nom
pays;9;nom
participer;9;ver
musk;9;nr
musical;9;adj
monter;9;ver
militaire;9;adj
maître;9;nom
martin;9;nom
marian;9;nom
manifestation;9;nom
mai;9;nom
machine;9;nom
laurent;9;nr
jacky;9;nr
intérieur;9;nom
intéresser;9;ver
intervention;9;nom
international;9;adj
intelligent;9;adj
illustrer;9;ver
garder;9;ver
fait;9;nom
existence;9;nom
entraîneur;9;nom
entourer;9;ver
elon;9;nr
elisabeth;9;nr
elbaz;9;nr
droite;9;nom
doo;9;nr
disparaître;9;ver
diplomatie;9;nom
dessin;9;nom
demander;9;ver
curieux;9;adj
compilation;9;nom
communauté;9;nom
cercle;9;nom
centre;9;nom
centrale;9;nom
canard;9;nom
cadre;9;nom
bertrand;9;nr
bakugan;9;nr
babich;9;nr
azzedine;9;nr
autrement;9;adv
attaque;9;nom
appel;9;nom
apparaître;9;ver
analyse;9;nom
aide;9;nom
accompagner;9;ver
événement;8;nom
étoile;8;nom
énergie;8;nom
égyptien;8;adj
égypte;8;nr
yann;8;nr
vrai;8;adj
vol;8;nom
user;8;ver
ukraine;8;nr
témoigner;8;ver
télévision;8;nom
tuer;8;ver
transmettre;8;ver
traducteur;8;nom
thevenot;8;nr
theory;8;nr
technique;8;nom
séquence;8;nom
surveillance;8;nom
stylo;8;nom
soirée;8;nom
sociologue;8;nom
réponse;8;nom
rupestre;8;adj
romain;8;adj
robert;8;nom
publier;8;ver
présence;8;nom
problème;8;nom
physique;8;adj
peuple;8;nom
personnalité;8;nom
partager;8;ver
oeil;8;nom
nicolas;8;nr
mouvement;8;nom
mission;8;nom
michael;8;nr
massif;8;adj
mannequin;8;nom
lisa;8;nr
lancer;8;ver
isabelle;8;adj
invasion;8;nom
géopolitique;8;adj
génération;8;nom
génie;8;nom
flash;8;nom
filmer;8;ver
festival;8;nom
essayer;8;ver
endroit;8;nom
encel;8;nr
désormais;8;adv
début;8;nom
duplex;8;nom
docteur;8;nom
didier;8;nr
connaissance;8;nom
confiance;8;nom
concours;8;nom
compagnie;8;nom
collectif;8;adj
civilisation;8;nom
choisir;8;ver
chiffre;8;nom
changer;8;ver
cerveau;8;nom
bientôt;8;adv
avion;8;nom
astrobiologiste;8;nr
artiste;8;nom
armée;8;nom
apprendre;8;ver
amour;8;nom
air;8;nom
agent;8;nom
agence;8;nom
adepte;8;nom
actu;8;nr
abolition;8;nom
écriture;7;nom
écraser;7;ver
zeribi;7;nr
youn;7;nr
vérité;7;nom
voiture;7;nom
visiter;7;ver
téléspectateur;7;nom
tube;7;nom
troublant;7;adj
train;7;nom
texte;7;nom
style;7;nom
stratégique;7;adj
société;7;nom
situer;7;ver
situation;7;nom
seuil;7;nom
science_fiction;7;nom
salle;7;nom
réussir;7;ver
rubrique;7;nom
robbie;7;nr
représenter;7;ver
reprise;7;nom
rentrer;7;ver
refuser;7;ver
rapporter;7;ver
raison;7;nom
puf;7;nr
prétendre;7;ver
planétologie;7;nr
peur;7;nom
personnage;7;nom
particulier;7;adj
parisien;7;adj
paraître;7;ver
ordre;7;nom
off;7;adj
oeuf;7;nom
occidental;7;adj
occasion;7;nom
observer;7;ver
nommer;7;ver
new;7;adj
musée;7;nom
militant;7;adj
michaël;7;nr
maudit;7;adj
lr;7;nr
liste;7;nom
laurence;7;nr
journée;7;nom
jaurès;7;nr
janvier;7;nom
jane;7;nr
jamy;7;nr
iranien;7;adj
inspirer;7;ver
horizon;7;nom
gérard;7;nr
guy;7;nr
gourmaud;7;nr
glace;7;nom
exercice;7;nom
eugène;7;nr
espoir;7;nom
enlèvement;7;nom
emmener;7;ver
elie;7;nr
défense;7;nom
don;7;nom
domaine;7;nom
disparition;7;nom
dinosaure;7;nom
cuisine;7;nom
crédible;7;adj
crise;7;nom
contacter;7;ver
compte;7;nom
collège;7;nom
civil;7;adj
cinéma;7;nom
cicatrice;7;nom
christelle;7;nr
chambre;7;nom
carburant;7;nom
canne;7;nom
bourret;7;nr
bien_être;7;nom
ballestrero;7;nr
aubry;7;nr
atterrir;7;ver
atelier;7;nom
asphalte;7;nom
artificiel;7;adj
arrêter;7;ver
argent;7;nom
apparence;7;nom
apercevoir;7;ver
andré;7;nr
adamo;7;nr
accueillir;7;ver
accepter;7;ver
éviter;6;ver
élève;6;nom
zerbi;6;nr
zeitoun;6;nr
végan;6;nr
vraiment;6;adv
vieux;6;adj
ven;6;nr
valérie;6;nr
ufologue;6;nr
tribu;6;nom
traiter;6;ver
tradition;6;nom
tour;6;nom
top;6;nom
thouanel;6;nr
tester;6;ver
tenir;6;ver
surprise;6;nom
succès;6;nom
stéphane;6;nr
spirou;6;nr
solaire;6;adj
soeur;6;nom
show;6;nom
semoun;6;nr
savant;6;nom
satellite;6;nom
sang;6;nom
saint;6;nom
région;6;nom
réel;6;adj
réalisateur;6;nom
réagir;6;ver
roi;6;nom
responsable;6;adj
remplacer;6;ver
remonter;6;ver
recueillir;6;ver
présent;6;nom
projet;6;nom
profiter;6;ver
produire;6;ver
pratiquer;6;ver
pourri;6;adj
populaire;6;adj
plume;6;nom
pen;6;nr
parcours;6;nom
ouvrier;6;nom
noix;6;nom
nde;6;nr
médium;6;nom
musique;6;nom
morty;6;nr
monstre;6;nom
mondial;6;adj
modifier;6;ver
ministère;6;nom
milieu;6;nom
menace;6;nom
mathématique;6;nom
manon;6;nr
lumière;6;nom
louis;6;nom
levallois;6;nr
leboeuf;6;nr
julia;6;nr
jake;6;nr
islamique;6;adj
installer;6;ver
inexplicable;6;adj
indiquer;6;ver
inde;6;nom
imaginer;6;ver
illustré;6;adj
hypothèse;6;nom
hyper;6;adv
homosexuel;6;nom
habitant;6;nom
h;6;nr
futur;6;adj
fred;6;nr
fr;6;nr
fondation;6;nom
fondateur;6;adj
fameux;6;adj
exposer;6;ver
euro;6;nom
espèce;6;nom
entendre;6;ver
enfance;6;nom
eau;6;nom
détruire;6;ver
duo;6;nom
droit;6;nom
dominique;6;nr
dan;6;nom
célèbre;6;adj
couple;6;nom
coup;6;nom
coronavirus;6;nr
contenir;6;ver
conséquence;6;nom
code;6;nom
coach;6;nom
château;6;nom
choix;6;nom
chemin;6;nom
chat;6;nom
chanter;6;ver
caville;6;nr
capacité;6;nom
canular;6;nom
camarade;6;nom
bois;6;nom
bermudes;6;nr
bender;6;nr
beaugé;6;nr
bandit;6;nom
ballon;6;nom
aérien;6;adj
avouer;6;ver
attirer;6;ver
atout;6;nom
art;6;nom
armstrong;6;nr
armin;6;nr
application;6;nom
antenne;6;nom
animer;6;ver
afrique;6;nr
activité;6;nom
étonnant;5;adj
émettre;5;ver
éloigner;5;ver
électrique;5;adj
zarzavatdjian;5;nr
xxe;5;nr
www;5;nr
voyager;5;ver
volcanique;5;adj
vitesse;5;nom
violence;5;nom
verser;5;ver
vendredi;5;nom
vaincre;5;ver
uzeel;5;nr
téléphone;5;nom
triangle;5;nom
toucher;5;ver
totalement;5;adv
thomas;5;nom
tesla;5;nom
surveiller;5;ver
suivant;5;adj
statue;5;nom
spécialiser;5;ver
souvenir;5;nom
souffle;5;nom
sorte;5;nom
soleil;5;nom
sol;5;nom
soir;5;nom
social;5;adj
simon;5;nr
service;5;nom
scène;5;nom
sarah;5;nr
santé;5;nom
sandrine;5;nr
sammy;5;nom
sacré;5;adj
résultat;5;nom
récent;5;adj
rumeur;5;nom
ruine;5;nom
roulant;5;adj
ronks;5;nr
reporter;5;nom
reine;5;nom
reconnaître;5;ver
ray;5;nr
rapidement;5;adv
randonneur;5;nom
ramener;5;ver
radio;5;nom
psychiatre;5;nom
pratique;5;adj
pléiade;5;nom
plante;5;nom
plage;5;nom
pièce;5;nom
piste;5;nom
pianiste;5;nom
payer;5;ver
passionner;5;ver
partisan;5;nom
participation;5;nom
paranormal;5;adj
parallèle;5;adj
panne;5;nom
original;5;nom
orient;5;nom
one;5;nr
onclusive;5;nr
océan;5;nom
néandert;5;nr
numéro;5;nom
novembre;5;nom
nouvel;5;adj
nature;5;nom
national;5;adj
méthode;5;nom
multiplication;5;nom
mulder;5;nr
montagne;5;nom
mexique;5;nr
media;5;nom
marseille;5;nr
marquer;5;ver
marin;5;nom
manu;5;nr
maladie;5;nom
léger;5;adj
lutte;5;nom
lunaire;5;adj
lugg;5;nr
lola;5;nr
lier;5;ver
lecluyse;5;nr
lavoine;5;nr
kid;5;nom
khomeiny;5;nr
kantar;5;nr
juillet;5;nom
jeter;5;ver
japon;5;nom
iris;5;nom
intituler;5;ver
interroger;5;ver
interpréter;5;ver
intelligence;5;nom
inexpliqué;5;adj
imminent;5;adj
immense;5;adj
illustration;5;nom
hôpital;5;nom
héberger;5;ver
habiter;5;ver
gueule;5;nom
gladieux;5;nr
george;5;nr
gauche;5;nom
gardien;5;nom
gabriel;5;nr
fête;5;nom
février;5;nom
freddy;5;nr
fragile;5;adj
fournir;5;ver
focus;5;nr
fink;5;nr
finir;5;ver
fillon;5;nr
fbi;5;nr
fauteuil;5;nom
facebook;5;nr
extrême;5;adj
extraordinaire;5;adj
explosion;5;nom
explorateur;5;nom
exoplanètes;5;nr
exemple;5;nom
esprit;5;nom
enregistrer;5;ver
enquêteur;5;nom
enquêter;5;ver
enfermer;5;ver
empêcher;5;ver
emploi;5;nom
egypte;5;nr
démonstration;5;nom
défier;5;ver
dubini;5;nr
doux;5;adj
doigt;5;nom
documentaire;5;nom
divin;5;adj
distance;5;nom
dimension;5;nom
différence;5;nom
deuxième;5;adj
dangereux;5;adj
célibat;5;nom
céleste;5;adj
croiser;5;ver
coulisse;5;nom
continent;5;nom
constater;5;ver
confronter;5;ver
composer;5;ver
complètement;5;adv
communication;5;nom
commandant;5;nom
classe;5;nom
chinois;5;nom
chantal;5;nr
champ;5;nom
centaine;5;nom
cause;5;nom
castaner;5;nr
carte;5;nom
carrer;5;ver
campagne;5;nom
bébé;5;nom
but;5;nom
bureau;5;nom
bruit;5;nom
brigade;5;nom
blues;5;nom
berry;5;nr
bergueswood;5;nr
belge;5;adj
aérospatiaux;5;nr
azem;5;nr
ayatollah;5;nom
avril;5;nom
avis;5;nom
avancé;5;adj
attaquer;5;ver
astronomie;5;nom
assurer;5;ver
arefi;5;nr
arabe;5;nom
appareil;5;nom
anthropologue;5;nom
anonyme;5;adj
animateur;5;nom
anglais;5;adj
analyser;5;ver
amoureux;5;adj
amateur;5;nom
allusion;5;nom
adresse;5;nom
accélérer;5;ver
abstention;5;nom
aborder;5;ver
étudiant;4;nom
éternel;4;adj
équilibre;4;nom
époux;4;nom
énorme;4;adj
élite;4;nom
électricité;4;nom
échapper;4;ver
zoom;4;nom
youtubeuse;4;nr
yeti;4;nom
week_end;4;nom
voisin;4;nom
vision;4;nom
virus;4;nom
version;4;nom
vegans;4;nr
vaillant;4;adj
vague;4;nom
us;4;nom
télérama;4;nr
télé;4;nom
type;4;nom
twitter;4;nr
trou;4;nom
tracer;4;ver
terrible;4;adj
terrestre;4;adj
technologique;4;adj
taille;4;nom
ségolène;4;nr
séance;4;nom
sylvie;4;nom
surprenant;4;adj
supercherie;4;nom
succession;4;nom
stellaire;4;adj
soutenir;4;ver
souhaiter;4;ver
sketch;4;nom
siège;4;nom
simplement;4;adv
simple;4;adj
signaler;4;ver
seulement;4;adv
septembre;4;nom
scully;4;nr
schi;4;nr
sceptique;4;adj
saveur;4;nom
sauvage;4;adj
samedi;4;nom
rôle;4;nom
révélation;4;nom
réunir;4;ver
récupérer;4;ver
récemment;4;adv
russie;4;nr
rue;4;nom
rtbf;4;nr
royal;4;adj
rouch;4;nr
roman;4;nom
rock;4;nom
rmc;4;nr
ressentir;4;ver
ressembler;4;ver
repère;4;nom
religion;4;nom
rejoindre;4;ver
regarder;4;ver
regard;4;nom
radar;4;nom
quartier;4;nom
pêcheur;4;nom
pétronin;4;nr
prêtre;4;nom
prêt;4;adj
proximité;4;nom
projeter;4;ver
produit;4;nom
producteur;4;nom
prochain;4;adj
printemps;4;nom
poste;4;nom
population;4;nom
policier;4;nom
planet;4;nr
placer;4;ver
physicien;4;nom
passage;4;nom
pascal;4;adj
particulièrement;4;adv
palais;4;nom
paix;4;nom
oublier;4;ver
oser;4;ver
opposer;4;ver
ombre;4;nom
oliver;4;nom
olaf;4;nr
officiel;4;adj
oeuvre;4;nom
obtenir;4;ver
obliger;4;ver
numérique;4;adj
nourriture;4;nom
normal;4;adj
niveau;4;nom
nikos;4;nr
net;4;adj
ness;4;nr
neil;4;nr
nazca;4;nr
mêler;4;ver
ménard;4;nr
méchant;4;adj
mr;4;nr
mourir;4;ver
morning;4;nr
morley;4;nr
morceau;4;nom
mont;4;nom
minus;4;nom
mimosa;4;nom
mercier;4;nom
max;4;nom
matériel;4;adj
matinal;4;adj
mathieu;4;nr
masque;4;nom
marque;4;nom
manipuler;4;ver
manifester;4;ver
manger;4;ver
maitre;4;nr
luxe;4;nom
lourd;4;adj
louise;4;nr
louange;4;nom
lascar;4;nom
lapsus;4;nom
langue;4;nom
kidnapper;4;ver
katché;4;nr
joël;4;nr
john;4;nr
jardin;4;nom
jan;4;nr
invisible;4;adj
insoumis;4;adj
inhabituel;4;adj
ingénieur;4;nom
indépendant;4;adj
indice;4;nom
impossible;4;adj
immortel;4;adj
imion;4;nr
imaginaire;4;adj
identique;4;adj
humoristique;4;adj
hommage;4;nom
heureux;4;adj
henry;4;nom
henri;4;nr
heavy;4;nr
hasard;4;nom
hanter;4;ver
géoglyphes;4;nr
générique;4;nom
guider;4;ver
gros;4;adj
globe;4;nom
gigantesque;4;adj
genre;4;nom
geipan;4;nr
fruit;4;nom
frs;4;nr
frontière;4;nom
former;4;ver
foot;4;nom
fonds;4;nom
fond;4;nom
faux;4;adj
faction;4;nom
faciliter;4;ver
exploser;4;ver
evanno;4;nr
etc;4;adv
entrée;4;nom
entreprise;4;nom
enseigner;4;ver
endoctriner;4;ver
enceinte;4;adj
empreinte;4;nom
développement;4;nom
détailler;4;ver
déplacement;4;nom
département;4;nom
défi;4;nom
décryptage;4;nom
décoder;4;ver
déchiffrer;4;ver
décembre;4;nom
débris;4;nom
duel;4;nom
dreyfus;4;nr
doter;4;ver
dizaine;4;nom
diviser;4;ver
disséminer;4;ver
dette;4;nom
dessiner;4;ver
desagnat;4;nr
dedile;4;nr
culturel;4;adj
couvrir;4;ver
course;4;nom
couper;4;ver
cosmique;4;adj
consultant;4;nom
conserver;4;ver
connecter;4;ver
conférence;4;nom
confier;4;ver
conduire;4;ver
composition;4;nom
complot;4;nom
combler;4;ver
combattre;4;ver
coin;4;nom
coco;4;nom
co;4;adv
club;4;nom
clash;4;nom
citoyen;4;nom
cirou;4;nr
cia;4;nr
chili;4;nom
charlotte;4;nom
charger;4;ver
capturer;4;ver
broch;4;nr
britannique;4;adj
bref;4;adv
brack;4;nr
boris;4;nr
boiter;4;ver
blessure;4;nom
black;4;adj
big_bang;4;nom
big;4;nr
biais;4;nom
benabar;4;nr
beccaro;4;nr
bayrou;4;nr
barthès;4;nr
barry;4;nr
baron;4;nom
banque;4;nom
avérer;4;ver
avancée;4;nom
attribuer;4;ver
assemblée;4;nom
arme;4;nom
apprêter;4;ver
appartement;4;nom
anna;4;nr
angela;4;nr
amy;4;nr
amuser;4;ver
amplifier;4;ver
amener;4;ver
allemagne;4;nom
aliagas;4;nr
affirmation;4;nom
acheter;4;ver
1ère;4;nr
éteindre;3;ver
établir;3;ver
équipage;3;nom
épi;3;nom
épais;3;adj
éliminer;3;ver
égard;3;nom
éducation;3;nom
économique;3;adj
éclater;3;ver
échelle;3;nom
échanger;3;ver
ère;3;nom
zapping;3;nom
yéti;3;nom
yasmine;3;nr
william;3;nom
web;3;nom
vétérinaire;3;nom
vérif;3;nom
véhicule;3;nom
voie;3;nom
vivant;3;adj
virtuellement;3;adv
vaste;3;adj
vallée;3;nom
valerie;3;nr
vache;3;nom
unique;3;adj
télescope;3;nom
tweet;3;nr
trump;3;nr
tribune;3;nom
traquer;3;ver
transe;3;nom
trajectoire;3;nom
total;3;adj
tom;3;nom
timbre;3;nom
thévenot;3;nr
test;3;nom
tesquet;3;nr
territoire;3;nom
terrain;3;nom
terme;3;nom
temple;3;nom
technopolis;3;nr
team;3;nom
tate;3;nr
talent;3;nom
tableau;3;nom
séparer;3;ver
sénateur;3;nom
sébastien;3;nr
synthèse;3;nom
sykronior;3;nr
surprendre;3;ver
supergirl;3;nr
sud_ouest;3;nom
studio;3;nom
steven;3;nr
stan;3;nr
spécistes;3;nr
sportif;3;adj
sphère;3;nom
souterrain;3;adj
sous_marin;3;adj
sourisville;3;nr
souligner;3;ver
soulever;3;ver
souchon;3;nr
sortie;3;nom
soin;3;nom
smith;3;nr
silvio;3;nr
signification;3;nom
shot;3;nr
shaun;3;nr
sexuel;3;adj
sevan;3;nr
session;3;nom
serpent;3;nom
semoule;3;nom
semer;3;ver
sectaire;3;adj
sean;3;nr
scolaire;3;adj
scandale;3;nom
sam;3;nr
saison;3;nom
rêver;3;ver
résoudre;3;ver
résister;3;ver
répéter;3;ver
régulièrement;3;adv
réfugier;3;ver
réduire;3;ver
rédaction;3;nom
rédacteur;3;nom
réchauffement;3;nom
réaction;3;nom
russe;3;adj
royer;3;nr
royaume;3;nom
roy;3;nom
roux;3;nom
route;3;nom
rose;3;adj
roland;3;nr
roche;3;nom
rire;3;ver
riche;3;adj
rice;3;nr
retraite;3;nom
retourner;3;ver
res;3;nr
représentation;3;nom
reprendre;3;ver
remarquer;3;ver
relater;3;ver
relancer;3;ver
reconstitution;3;nom
rayon;3;nom
raymond;3;nr
rare;3;adj
rappel;3;nom
raphaël;3;nr
rahard;3;nr
racisme;3;nom
race;3;nom
quinquagénaire;3;adj
quatrième;3;adj
qualité;3;nom
période;3;nom
pécresse;3;nr
pâté;3;nom
pâte;3;nom
puissance;3;nom
psychologue;3;nom
psychanalyste;3;nom
prévoir;3;ver
préserver;3;ver
précéder;3;ver
précis;3;adj
provenir;3;ver
protecteur;3;nom
progrès;3;nom
procureur;3;nom
proche;3;adj
prix;3;nom
privé;3;adj
primitif;3;adj
prime;3;nom
poétique;3;adj
poubelle;3;nom
potter;3;nr
porteil;3;nr
pollux;3;nr
pluie;3;nom
plat;3;nom
pied;3;nom
phrase;3;nom
photographe;3;nom
personnel;3;adj
percer;3;ver
peintre;3;nom
peau;3;nom
parvenir;3;ver
participant;3;nom
paroi;3;nom
parasite;3;nom
paranoïa;3;nom
papou;3;nom
paisible;3;adj
ouvrir;3;ver
ouvrage;3;nom
orphelin;3;adj
originaire;3;adj
organisation;3;nom
olympia;3;nr
of;3;nr
octobre;3;nom
obsession;3;nom
négociation;3;nom
nécessaire;3;adj
notoriété;3;nom
notion;3;nom
not;3;nom
nord;3;nom
nomination;3;nom
noir;3;adj
nikola;3;nr
neige;3;nom
neathia;3;nr
nain;3;nom
métrage;3;nom
métier;3;nom
mésopotamie;3;nr
mériter;3;ver
mémoire;3;nom
mélange;3;nom
médecine;3;nom
mur;3;nom
multiplier;3;ver
montage;3;nom
monnet;3;nr
minute;3;nom
min;3;nom
milliardaire;3;nom
microtrottoir;3;nr
micro_trottoir;3;nom
mi_homme;3;nom
meteo;3;nr
mer;3;nom
medium;3;nom
maxence;3;nr
maura;3;nr
matière;3;nom
marucho;3;nr
martine;3;nr
mariage;3;nom
mardi;3;nom
marabout;3;nom
manière;3;nom
maman;3;nom
malédiction;3;nom
malaise;3;nom
malade;3;adj
mail;3;nom
léon;3;nr
lynx;3;nom
lycée;3;nom
lundi;3;nom
lorenzo;3;nr
londres;3;nr
loch;3;nom
live;3;adj
ligue;3;nom
lien;3;nom
larme;3;nom
lapin;3;nom
langage;3;nom
lahiani;3;nr
laboratoire;3;nom
kurt;3;nr
kiberlain;3;nr
jésus;3;nom
justicier;3;nom
julie;3;nr
julian;3;nr
jicquel;3;nr
jc;3;nr
jazz;3;nom
james;3;nr
itne;3;nr
invention;3;nom
inventeur;3;nom
intérêt;3;nom
intégrer;3;ver
intriguer;3;ver
interpeller;3;ver
intention;3;nom
innocent;3;adj
ingrédient;3;nom
indéniable;3;adj
inconnu;3;nom
importer;3;ver
importance;3;nom
implant;3;nom
impertinence;3;nom
ilario;3;nr
idée;3;nom
hôtel;3;nom
hybride;3;nom
hit;3;nom
highland;3;nr
harry;3;nr
handicaper;3;ver
handicap;3;nom
habitable;3;adj
géologique;3;adj
génétique;3;adj
généralement;3;adv
gund;3;nr
grève;3;nom
grotte;3;nom
grossier;3;adj
gotainer;3;nr
glory;3;nr
glich;3;nr
gildas;3;nr
ghana;3;nr
gestionnaire;3;nom
geronimo;3;nr
gatis;3;nr
gaspard;3;nom
gargon;3;nr
galaxie;3;nom
gainsbourg;3;nr
gadget;3;nom
fée;3;nom
furieux;3;adj
front;3;nom
fromage;3;nom
franz;3;nr
francis;3;nr
foucault;3;nr
fonder;3;ver
fonction;3;nom
folk;3;nom
fleur;3;nom
fin;3;nom
fil;3;nom
fiancé;3;nom
feuilleton;3;nom
favier;3;nr
fantasio;3;nr
fan;3;nom
fabriquer;3;ver
fabrication;3;nom
fabien;3;nr
extérieur;3;adj
expédition;3;nom
experience;3;nr
exactement;3;adv
evocation;3;nr
evelyne;3;nr
eurovision;3;nr
estimer;3;ver
essai;3;nom
espérer;3;ver
espion;3;nom
envahisseur;3;nom
envahir;3;ver
entourage;3;nom
entité;3;nom
ennemi;3;nom
engin;3;nom
ena;3;nr
emplacement;3;nom
emmanuelle;3;nr
elysée;3;nr
elvis;3;nr
eglise;3;nr
effondrement;3;nom
effectuer;3;ver
edouard;3;nr
développer;3;ver
détester;3;ver
détecter;3;ver
détail;3;nom
désir;3;nom
déposer;3;ver
déplacer;3;ver
dépenser;3;ver
dépasser;3;ver
délicat;3;adj
définir;3;ver
défilé;3;nom
défiler;3;ver
décor;3;nom
déclencher;3;ver
débattre;3;ver
dvd;3;nr
dutronc;3;nr
dupont;3;nr
dresser;3;ver
doute;3;nom
domestique;3;nom
document;3;nom
divorcer;3;ver
discours;3;nom
diriger;3;ver
dimanche;3;nom
diffusion;3;nom
destin;3;nom
descendre;3;ver
delphine;3;nr
delanoe;3;nr
davidéjonatown;3;nr
dark;3;nr
daphné;3;nom
dany;3;nr
cécile;3;nr
cyril;3;nr
curieusement;3;adv
culinaire;3;adj
cuisinier;3;nom
créateur;3;nom
croûte;3;nom
cristal;3;nom
craquer;3;ver
court;3;adj
couleur;3;nom
costume;3;nom
contribuer;3;ver
constituer;3;ver
conservateur;3;adj
conseiller;3;nom
conquête;3;nom
conflit;3;nom
condition;3;nom
conclusion;3;nom
concert;3;nom
compositeur;3;nom
complet;3;adj
commun;3;adj
com;3;nom
collégien;3;nom
collignon;3;nom
coller;3;ver
coke;3;nom
cockpit;3;nom
clown;3;nom
clou;3;nom
climatique;3;adj
cliché;3;nom
clervoy;3;nr
clain;3;nr
cisco;3;nr
cigarette;3;nom
chronologique;3;adj
chorégraphie;3;nom
chasseur;3;nom
chasse;3;nom
charles;3;nr
chaplapla;3;nr
championnat;3;nom
chaleur;3;nom
chair;3;nom
caverne;3;nom
cavale;3;nom
causer;3;ver
catastrophe;3;nom
casser;3;ver
carolin;3;adj
carole;3;nom
capitaine;3;nom
canadien;3;adj
camp;3;nom
camer;3;ver
calvo;3;nr
cal;3;nom
caisse;3;nom
cage;3;nom
bêtisier;3;nom
burgdorf;3;nr
bulle;3;nom
bugarach;3;nr
bruxelles;3;nr
brother;3;nr
brillant;3;adj
bretagne;3;nr
brennan;3;nr
bras;3;nom
brafman;3;nr
bourgeois;3;nom
bourdais;3;nr
booth;3;nr
boon;3;nr
boire;3;ver
bleu;3;adj
bini;3;nr
bible;3;nom
berlusconi;3;nr
benjamin;3;nom
belgique;3;nom
bde;3;nr
bateau;3;nom
bataille;3;nom
baser;3;ver
barnier;3;nr
bande_annonce;3;nom
ballon_sonde;3;nom
aéronautique;3;nom
aussitôt;3;adv
auprès_de;3;nr
attraper;3;ver
atterrissage;3;nom
atteindre;3;ver
attal;3;nr
astronome;3;nom
assurance;3;nom
associé;3;nom
assister;3;ver
assassiner;3;ver
aspirateur;3;nom
article;3;nom
artefact;3;nom
arte;3;nr
arrivée;3;nom
argot;3;nom
archéologue;3;nom
architecte;3;nom
apollo;3;nr
août;3;nom
antiquité;3;nom
antarctique;3;adj
annuel;3;adj
annette;3;nr
angleterre;3;nom
ange;3;nom
andrew;3;nr
ancêtre;3;nom
amérique;3;nom
amazon;3;nr
alphabet;3;nom
ali;3;nr
alessandra;3;nr
aguerri;3;adj
agression;3;nom
affiche;3;nom
adulte;3;nom
adolescence;3;nom
adjoint;3;nom
acte;3;nom
accueil;3;nom
absence;3;nom
abriter;3;ver
abattre;3;ver
abandonner;3;ver
1er;3;nr
îlot;2;nom
éventualité;2;nom
éthique;2;nom
établissement;2;nom
ériger;2;ver
épouser;2;ver
épisode;2;nom
épidémie;2;nom
épice;2;nom
épave;2;nom
énigme;2;nom
émotion;2;nom
éléctions;2;nr
élucubration;2;nom
élire;2;ver
élevé;2;adj
élevage;2;nom
électronique;2;adj
édifier;2;ver
écran;2;nom
écouter;2;ver
écossais;2;adj
éclosion;2;nom
éclipse;2;nom
écharde;2;nom
zoo;2;nom
zang;2;nr
zac;2;nr
zabaglione;2;nr
yvonne;2;nr
youtube;2;nr
yonne;2;nr
yoga;2;nom
yaourt;2;nom
xxie;2;nr
woodward;2;nr
woman;2;nr
willis;2;nr
williams;2;nom
white;2;nr
western;2;nom
wes;2;nr
werber;2;nr
wendell;2;nr
wells;2;nr
welcome;2;nr
weil;2;nr
weasel;2;nr
washington;2;nr
wars;2;nr
wally;2;nr
walker;2;nr
vêtement;2;nom
véronique;2;nom
véritablement;2;adv
vérifier;2;ver
véracité;2;nom
véra;2;nr
vénus;2;nom
vélo;2;nom
véhiculer;2;ver
vortex;2;nom
vorkana;2;nr
vogue;2;nom
voeu;2;nom
vivian;2;nr
visible;2;adj
virgin;2;nr
viking;2;nom
vigogne;2;nom
vierge;2;adj
video;2;nr
vichy;2;nom
viande;2;nom
vestige;2;nom
vertu;2;nom
vert;2;adj
verre;2;nom
verne;2;nom
ventriloquie;2;nom
vente;2;nom
venise;2;nom
veille;2;nom
vanille;2;nom
vaccin;2;nom
utah;2;nr
usaf;2;nr
urgence;2;nom
ufologie;2;nom
télévisé;2;adj
télépathie;2;nom
télématin;2;nr
télékinésie;2;nom
tâche;2;nom
tyler;2;nr
tuile;2;nom
tucker;2;nr
trésor;2;nom
truquer;2;ver
trompe_l_oeil;2;nom
trochu;2;nr
transporter;2;ver
transpi;2;nr
transition;2;nom
traitement;2;nom
trafic;2;nom
tort;2;nom
toothy;2;nr
toit;2;nom
toilette;2;nom
toile;2;nom
tmc;2;nr
titre;2;nom
titane;2;nom
tina;2;nr
timide;2;adj
thibault;2;nr
thermique;2;adj
terrifier;2;ver
terrifiant;2;adj
tenue;2;nom
tennyson;2;nr
température;2;nom
temoins;2;nr
tarte;2;nom
tarbouriech;2;nr
taire;2;ver
table;2;nom
sélectionner;2;ver
séjour;2;nom
séduire;2;ver
séduction;2;nom
séducteur;2;nom
sympathique;2;adj
symbole;2;nom
sykronienne;2;nr
suspect;2;nom
susciter;2;ver
survol;2;nom
survivant;2;nom
surnommer;2;ver
surnaturel;2;adj
supérieur;2;adj
supposer;2;ver
supporter;2;ver
supplier;2;ver
suicide;2;nom
suffert;2;nr
sucré;2;adj
sucre;2;nom
sublet;2;nr
styliser;2;ver
sturgeon;2;nr
stress;2;nom
stopper;2;ver
stonehenge;2;nr
stoffen;2;nr
stigmate;2;nom
stewart;2;nr
steve;2;nr
steiner;2;nr
station;2;nom
starmania;2;nr
spécialité;2;nom
spielberg;2;nr
spectateur;2;nom
speaker;2;nom
sparky;2;nr
souris;2;nom
soupçonner;2;ver
soumettre;2;ver
souf;2;nr
soudan;2;nr
sorcier;2;nom
sonde;2;nom
solin;2;nr
soiree;2;nr
soigner;2;ver
sociopathe;2;adj
socialiste;2;adj
snapchat;2;nr
smic;2;nr
sirop;2;nom
sirius;2;nr
single;2;nom
sincère;2;adj
simulation;2;nom
similaire;2;adj
signal;2;nom
shiva;2;nr
serge;2;nom
semblable;2;nom
selectionnés;2;nr
seine;2;nom
sein;2;nom
second;2;adj
sec;2;adj
sea;2;nr
scénario;2;nom
sculpture;2;nom
scoop;2;nom
scientologue;2;nom
scientifiquement;2;adv
scholz;2;nr
savitor;2;nr
sardaigne;2;nr
salvador;2;nr
sain;2;adj
sagesse;2;nom
sac;2;nom
saboter;2;ver
sabotage;2;nom
rêve;2;nom
révolutionnaire;2;adj
révolte;2;nom
réunion;2;nom
rétro;2;adj
résumer;2;ver
résistance;2;nom
réserve;2;nom
réputer;2;ver
référer;2;ver
réflexion;2;nom
réclamer;2;ver
récepteur;2;nom
réapparaître;2;ver
réalisation;2;nom
râpé;2;adj
rythme;2;nom
ryan;2;nr
rungis;2;nr
ruiz;2;nr
rover;2;nr
rousseau;2;nom
roue;2;nom
rompre;2;ver
rome;2;nr
rodney;2;nr
rod;2;nr
roby;2;nr
robespierre;2;nr
robe;2;nom
rn;2;nr
rituel;2;nom
ridicule;2;adj
ribes;2;nom
ria;2;nom
rhume;2;nom
revendiquer;2;ver
reussir;2;nr
retrouvaille;2;nom
retracer;2;ver
ressusciter;2;ver
responsabilité;2;nom
rescapé;2;nom
repérer;2;ver
reproduire;2;ver
repousser;2;ver
renier;2;ver
rendez_vous;2;nom
remise;2;nom
remi;2;nr
remettre;2;ver
religieux;2;adj
relever;2;ver
reinke;2;nr
refus;2;nom
refléter;2;ver
rediffusion;2;nom
redevenir;2;ver
reculé;2;adj
recouvrir;2;ver
recours;2;nom
record;2;nom
rechetylivka;2;nr
recenser;2;ver
rebelle;2;nom
raynal;2;nr
raser;2;ver
rapide;2;adj
ranch;2;nom
ramous;2;nr
rallier;2;ver
raisin;2;nom
rackham;2;nr
quête;2;nom
quichotte;2;nom
quarantaine;2;nom
quacchia;2;nr
q;2;nom
pétroglyphes;2;nr
péruvien;2;adj
périmètre;2;nom
périgueux;2;nr
pénis;2;nom
pédophilie;2;nom
pâtisserie;2;nom
publicitaire;2;adj
pub;2;nom
ps;2;nr
préparatif;2;nom
prénommé;2;nom
préférer;2;ver
précédent;2;nom
précision;2;nom
préciser;2;ver
précieux;2;adj
protéger;2;ver
prototype;2;nom
protection;2;nom
propulser;2;ver
proposition;2;nom
prononcer;2;ver
promotion;2;nom
promo;2;nom
prolifique;2;adj
proie;2;nom
profond;2;adj
profession;2;nom
processus;2;nom
probablement;2;adv
prison;2;nom
principe;2;nom
principal;2;adj
prestation;2;nom
presidentielle;2;nr
pousser;2;ver
potentiellement;2;adv
possibilité;2;nom
position;2;nom
positif;2;adj
portant;2;adj
pornographie;2;nom
pop;2;adj
pont;2;nom
poncet;2;nr
pomme;2;nom
polémique;2;nom
poltergeist;2;nr
pollution;2;nom
polachek;2;nr
polacco;2;nr
poivre;2;nom
poil;2;nom
podium;2;nom
pma;2;nr
plaza;2;nom
plateformes;2;nr
plastique;2;nom
planétaire;2;adj
plaisir;2;nom
plaire;2;ver
piéger;2;ver
piège;2;nom
pilotage;2;nom
pierce;2;nr
picassiette;2;nr
piano;2;nom
photographique;2;adj
photographier;2;ver
photographie;2;nom
phlébologue;2;nom
philipe;2;nr
petre;2;nr
pesanteur;2;nom
perturber;2;ver
perte;2;nom
perry;2;nr
perplexe;2;adj
permanence;2;nom
perdurer;2;ver
percevoir;2;ver
pente;2;nom
pension;2;nom
pencher;2;ver
pelouse;2;nom
pause;2;nom
patterson;2;nr
patte;2;nom
patrie;2;nom
patrice;2;nr
passion;2;nom
passant;2;nom
partenaire;2;nom
parlement;2;nom
parier;2;ver
parallèlement;2;adv
papier;2;nom
panda;2;nom
paf;2;adj
pablo;2;nr
ouverture;2;nom
ouest;2;nom
os;2;nom
ortf;2;nr
orner;2;ver
organisé;2;adj
organiser;2;ver
org;2;nr
oreille;2;nom
ordure;2;nom
orcel;2;nr
oranger;2;nom
orange;2;nom
opération;2;nom
opposé;2;nom
opposant;2;nom
omnitrix;2;nr
olivia;2;nr
ogilvy;2;nr
offrir;2;ver
officier;2;nom
officiellement;2;adv
octroyer;2;ver
observatoire;2;nom
obscur;2;adj
obligatoire;2;adj
oberserveraient;2;nr
obama;2;nr
nuage;2;nom
noé;2;nr
novak;2;nr
nourrir;2;ver
notoire;2;adj
norme;2;nom
noel;2;nr
nick;2;nr
nicher;2;ver
nez;2;nom
nettoyage;2;nom
netflix;2;nr
neauphle;2;nr
near;2;nr
navy;2;nr
navire;2;nom
navette;2;nom
naturel;2;adj
nation;2;nom
natalie;2;nr
nargatrons;2;nr
naples;2;nr
nan;2;nom
métro;2;nom
ménage;2;nom
mélodie;2;nom
mélanger;2;ver
médical;2;adj
mystérieusement;2;adv
multitude;2;nom
moyenne;2;nom
mouse;2;nr
moumoute;2;nom
mouche;2;nom
moscovium;2;nr
morzelle;2;nr
mortemer;2;nr
moretti;2;nr
monolithe;2;nom
monique;2;nr
monfort;2;nr
moldavie;2;nr
mojave;2;nr
modèle;2;nom
mobiliser;2;ver
mirer;2;ver
miracle;2;nom
minuit;2;nom
micronésie;2;nr
micro_organismes;2;nr
micro;2;nom
michèle;2;nr
mi_singe;2;nom
meurtre;2;nom
mesure;2;nom
merkel;2;nr
mercredi;2;nom
mental;2;adj
mensonge;2;nom
meloni;2;nr
meessen;2;nr
mdk;2;nr
mazer;2;nr
maya;2;adj
mathilde;2;nr
marty;2;nr
martien;2;nom
mari;2;nom
mandragore;2;nom
maléfique;2;adj
malley;2;nr
mali;2;nom
majorité;2;nom
majeur;2;adj
maigrir;2;ver
maier;2;nr
magoo;2;nr
magistrat;2;nom
maggie;2;nr
magasin;2;nom
mafia;2;nom
madol;2;nr
madeleine;2;nom
légion;2;nom
lyon;2;nr
lycéen;2;nom
luthor;2;nr
lupin;2;nom
luminet;2;nr
lucile;2;nr
loterie;2;nom
look;2;nom
logique;2;adj
locataire;2;nom
local;2;adj
liz;2;nr
lit;2;nom
linda;2;nr
lignon;2;nr
libérer;2;ver
li;2;nom
lex;2;nr
lever;2;ver
lettre;2;nom
lenteur;2;nom
lecture;2;nom
leautey;2;nr
leader;2;nom
lcp;2;nr
lazar;2;nr
lauby;2;nr
lattès;2;nr
largement;2;adv
lanzmann;2;nr
lagrange;2;nr
lac;2;nom
kilomètre;2;nom
khamenei;2;nr
kerrelou;2;nr
katerine;2;nr
karting;2;nom
karine;2;nr
karen;2;adj
k;2;nom
jérôme;2;nr
jungle;2;nom
jules;2;nom
juin;2;nom
juge;2;nom
juan;2;nom
jp;2;nr
journalisme;2;nom
joueur;2;nom
jordan;2;nr
jj;2;nr
jeunesse;2;nom
jeudi;2;nom
jefferson;2;nr
jeff;2;nr
jay;2;nr
jardinier;2;nom
japonais;2;nom
jamel;2;nr
jacob;2;nom
jack;2;nom
ivan;2;nr
itnes;2;nr
iss;2;nr
isoler;2;ver
isobel;2;nr
irlandais;2;adj
irak;2;nr
inédit;2;adj
investir;2;ver
intégration;2;nom
introduction;2;nom
interprète;2;nom
intergalactique;2;adj
interdire;2;ver
intenter;2;ver
insémination;2;nom
instrument;2;nom
instruction;2;nom
institut;2;nom
instant;2;nom
installation;2;nom
instagram;2;nr
insolite;2;adj
inquiétude;2;nom
inquiéter;2;ver
ingérer;2;ver
ingénierie;2;nom
informer;2;ver
informatique;2;nom
influent;2;adj
influence;2;nom
inexploité;2;adj
industriel;2;adj
individu;2;nom
indigné;2;adj
indien;2;adj
incarcérer;2;ver
inaccessible;2;adj
imposteur;2;nom
imposer;2;ver
impliquer;2;ver
immigration;2;nom
imbécile;2;nom
ile;2;nr
identité;2;nom
iboga;2;nom
héritage;2;nom
hénoch;2;nr
hélène;2;nr
hélium;2;nom
hypnose;2;nom
huître;2;nom
humanitaire;2;adj
hubbard;2;nr
horrible;2;adj
hodgins;2;nr
hiéroglyphe;2;nom
hidalgo;2;nom
hes;2;nr
hergé;2;nr
hellyer;2;nr
heidmann;2;nr
hawaïens;2;nr
hanouna;2;nr
hamon;2;nr
hallyday;2;nr
hallucinogène;2;adj
hallucination;2;nom
habituer;2;ver
habituel;2;adj
habitude;2;nom
habit;2;nom
géranium;2;nom
géraldine;2;nr
géométrique;2;adj
généralisé;2;adj
gymnastique;2;nom
guitare;2;nom
guillaume;2;nom
gré;2;nom
grizzy;2;nr
gresle;2;nr
gravité;2;nom
graver;2;ver
gras;2;adj
grand_père;2;nom
graff;2;nom
goût;2;nom
gousse;2;nom
gourou;2;nom
gomez;2;nr
godard;2;nr
glottophobie;2;nr
gloria;2;nom
glitch;2;nr
glasgow;2;nr
giraud;2;nr
giorgia;2;nr
gillot;2;nr
gille;2;nom
giesbert;2;nr
gay;2;nom
gaudfroy;2;nr
gastronomie;2;nom
gaston;2;nr
gasolinas;2;nr
garric;2;nr
garbarek;2;nr
galerie;2;nom
gagnant;2;nom
gag;2;nom
gaffe;2;nom
furiani;2;nr
fumer;2;ver
fuel;2;nom
frite;2;nom
franky;2;nr
frais;2;adj
fragiliser;2;ver
fox;2;nom
fourrure;2;nom
foule;2;nom
fougerolles;2;nr
formation;2;nom
foie;2;nom
foi;2;nom
flexitarisme;2;nr
fizz;2;nr
fiscal;2;adj
finalise;2;nr
final;2;adj
filer;2;ver
fier;2;adj
fidèle;2;adj
feu;2;nom
fermier;2;nom
fermer;2;ver
fer;2;nom
felix;2;nr
felicity;2;nr
façonner;2;ver
fayard;2;nom
fasciner;2;ver
fantaisiste;2;adj
familial;2;adj
extrêmement;2;adv
exploration;2;nom
existant;2;adj
exercer;2;ver
exclure;2;ver
exception;2;nom
exact;2;adj
evénement;2;nr
ets;2;nr
eta;2;nr
esthétique;2;adj
espagne;2;nr
escroquerie;2;nom
escande;2;nr
errer;2;ver
erica;2;nr
envisager;2;ver
entêter;2;ver
ensevelir;2;ver
ensemble;2;adv
enseignement;2;nom
enregistrement;2;nom
engager;2;ver
encre;2;nom
encourager;2;ver
emprunter;2;ver
emparer;2;ver
emi;2;nr
emery;2;nr
ement;2;nr
embrun;2;nom
embolie;2;nom
emblématique;2;adj
ely_killeuse;2;nr
elmaleh;2;nr
eli;2;nr
el;2;nr
effrayant;2;adj
effectivement;2;adv
ed;2;nr
ect;2;nr
ecole;2;nr
echos;2;nr
détritus;2;nom
déterrer;2;ver
désespéré;2;adj
dériver;2;ver
dépotoir;2;nom
déperdition;2;nom
déni;2;nom
démission;2;nom
délégué;2;nom
délivrer;2;ver
déjeuner;2;nom
déguster;2;ver
déformation;2;nom
décennie;2;nom
décalé;2;adj
débuter;2;ver
débordement;2;nom
dupond;2;nr
duboc;2;nr
drôle;2;adj
droujkivka;2;nr
drone;2;nom
drogue;2;nom
douzaine;2;nom
doudou;2;nom
dos;2;nom
doré;2;adj
dorseuil;2;nr
donald;2;nr
dombasle;2;nr
documentation;2;nom
divulgation;2;nom
disponible;2;adj
disperser;2;ver
disparu;2;adj
dislaire;2;nr
discuter;2;ver
discrimination;2;nom
dir;2;nr
diplomatique;2;adj
difficulté;2;nom
difficile;2;adj
diabolique;2;adj
destructeur;2;adj
dessinateur;2;nom
description;2;nom
denis;2;nr
delteil;2;nr
delarue;2;nr
delain;2;nr
degré;2;nom
dechavanne;2;nr
debat;2;nr
death;2;nr
dauphin;2;nom
dater;2;ver
date;2;nom
daesh;2;nr
curiosity;2;nr
culte;2;nom
cuit;2;adj
cuiller;2;nom
crâne;2;nom
cruise;2;nr
crop;2;nr
cristallin;2;nom
cri;2;nom
creux;2;adj
crash;2;nom
coïncidence;2;nom
couverture;2;nom
coupure;2;nom
coter;2;ver
cosmisme;2;nr
correspondre;2;ver
coroner;2;nom
copain;2;nom
cop26;2;nr
contrôler;2;ver
contrôle;2;nom
contravention;2;nom
contrat;2;nom
contraindre;2;ver
conte;2;nom
contamination;2;nom
consulter;2;ver
construction;2;nom
constellation;2;nom
conspiration;2;nom
consister;2;ver
considérer;2;ver
conscient;2;adj
conscience;2;nom
connexion;2;nom
conment;2;nr
conmateurs;2;nr
conmateur;2;nr
congrégation;2;nom
conférer;2;ver
confort;2;nom
confidentiel;2;adj
concret;2;adj
concevoir;2;ver
concerner;2;ver
compétition;2;nom
comparer;2;ver
comparaison;2;nom
compagnon;2;nom
communiquer;2;ver
commissaire;2;nom
commettre;2;ver
combustion;2;nom
comble;2;nom
combinaison;2;nom
colorer;2;ver
colonel;2;nom
colomb;2;nr
coincer;2;ver
coiffer;2;ver
cohabitation;2;nom
coat;2;nr
cnil;2;nr
cnes;2;nr
clyde;2;nr
clinique;2;nom
clavier;2;nom
classique;2;nom
clan;2;nom
civitavecchia;2;nr
cité;2;nom
citron;2;nom
ciotti;2;nr
cigare;2;nom
christ;2;nom
chourinov;2;nr
choc;2;nom
chirurgie;2;nom
chirac;2;nr
childress;2;nr
cheveu;2;nom
chevalier;2;nom
chevalet;2;nom
cher;2;adj
che;2;nr
chauffeur;2;nom
chauffer;2;ver
chasser;2;ver
chariot;2;nom
chaos;2;nom
chant;2;nom
changelin;2;nr
chancelière;2;nom
chance;2;nom
champion;2;nom
champignon;2;nom
chad;2;nr
cesse;2;nom
certitude;2;nom
center;2;nr
centenaire;2;adj
cellulite;2;nom
celebrity;2;nr
cdt;2;nr
cauwelaert;2;nr
caution;2;nom
cauchy;2;nr
catholique;2;adj
cat;2;nr
casting;2;nom
castillo;2;nr
casseur;2;nom
carbonara;2;nr
capter;2;ver
cannelle;2;nom
canaries;2;nr
canapé;2;nom
caméra;2;nom
calligraphe;2;nom
cabane;2;nom
bête;2;adj
bénabar;2;nr
béatrice;2;nr
bâtiment;2;nom
bulletin;2;nom
brûler;2;ver
brisé;2;adj
bres;2;nr
braoude;2;nr
brainiac;2;nr
boxeur;2;nom
bouteille;2;nom
bousculer;2;ver
bouleverser;2;ver
bouger;2;ver
bouche;2;nom
bot;2;adj
borne;2;nom
bomsel;2;nr
bombe;2;nom
bogdanoff;2;nr
bocarter;2;nr
bob;2;nom
bloc;2;nom
blobi;2;nr
blessé;2;nom
blanrue;2;nr
blanchemaison;2;nr
bizarre;2;adj
biologique;2;adj
binaire;2;adj
bijoux;2;nom
bienvenue;2;nom
bienveillant;2;adj
bianca;2;nr
bezos;2;nr
besoin;2;nom
berceau;2;nom
benoît;2;adj
benoist;2;nr
benalla;2;nr
beaune;2;nr
bbc;2;nr
batterie;2;nom
bas;2;adj
bardella;2;nr
barcelone;2;nr
barack;2;nr
baptiste;2;adj
banc;2;nom
ball;2;nr
baland;2;nr
balancer;2;ver
balai;2;nom
bagady;2;nr
badlands;2;nr
aéroport;2;nom
azzeddine;2;nr
aveugle;2;adj
avance;2;nom
avaler;2;ver
autorité;2;nom
autopsie;2;nom
australie;2;nr
auguste;2;adj
audience;2;nom
au_delà;2;adv
atypique;2;adj
attente;2;nom
attentat;2;nom
attendre;2;ver
atomique;2;adj
astronomique;2;adj
astre;2;nom
assumer;2;ver
asseoir;2;ver
assaut;2;nom
assange;2;nr
aspect;2;nom
asiatique;2;adj
arvor;2;nr
artur;2;nr
artistique;2;adj
arrondissement;2;nom
arpenter;2;ver
arnaud;2;nr
arnaque;2;nom
arielle;2;nr
argenté;2;adj
argentin;2;adj
archéologique;2;adj
architecture;2;nom
arbuste;2;nom
arbre;2;nom
arbitre;2;nom
antier;2;nr
annoncer;2;ver
and;2;nr
ancrer;2;ver
anaïs;2;nr
ampoule;2;nom
ambroise;2;nr
amande;2;nom
alvin;2;adj
allié;2;nom
allemand;2;adj
alimentation;2;nom
alcoolisme;2;nom
alcool;2;nom
albert;2;nr
akua;2;nr
ajouter;2;ver
aix;2;nr
aisé;2;adj
agresser;2;ver
afp;2;nr
affreux;2;adj
afficher;2;ver
affectif;2;adj
affaiblir;2;ver
ado;2;nom
adigard;2;nr
adapter;2;ver
action;2;nom
acquérir;2;ver
acoustique;2;nom
achour;2;nr
accéder;2;ver
accès;2;nom
accusation;2;nom
accident;2;nom
accessoire;2;nom
abîmer;2;ver
abus;2;nom
absolument;2;adv
aborigène;2;nom
abbaye;2;nom
6min;2;nr
3ème;2;nr
2ème;2;nr
1h30;2;nr
10h35;2;nr
10h00;2;nr
évènement;1;nom
évident;1;adj
évidence;1;nom
éventuel;1;adj
éventré;1;adj
éventrer;1;ver
éveiller;1;ver
évasion;1;nom
évasif;1;adj
évader;1;ver
évacuation;1;nom
étudier;1;ver
étouffer;1;ver
étonner;1;ver
éthinol;1;nr
étendre;1;ver
étape;1;nom
étang;1;nom
étaint;1;nr
érotique;1;adj
éric;1;nr
éradiquer;1;ver
équivalante;1;nr
équilibré;1;adj
équalizer;1;nr
épurer;1;ver
épuiser;1;ver
épreuve;1;nom
éplucher;1;ver
éphémère;1;adj
éperdument;1;adv
épargner;1;ver
épanouissement;1;nom
épanouir;1;ver
énormément;1;adv
énergumène;1;nom
émérite;1;adj
ému;1;adj
émouvoir;1;ver
émotionnel;1;adj
émilie;1;nr
émigration;1;nom
élévées;1;nr
élégant;1;adj
élucider;1;ver
élu;1;nom
éloquence;1;nom
éleveur;1;nom
élever;1;ver
électromètre;1;nom
électrifier;1;ver
électoral;1;adj
éjecter;1;ver
égoïste;1;adj
égarer;1;ver
ées;1;nr
ée;1;nr
éduquer;1;ver
éditer;1;ver
éd;1;nr
écoulé;1;adj
écouler;1;ver
économiser;1;ver
écologiste;1;adj
éclat;1;nom
éclairé;1;adj
éclairer;1;ver
éclaircir;1;ver
échouer;1;ver
écho;1;nom
échiquier;1;nom
échelon;1;nom
échec;1;nom
échauffourée;1;nom
échange;1;nom
écart;1;nom
ébranler;1;ver
ébahir;1;ver
âne;1;nom
zététique;1;nr
zébulon;1;nr
zoophagie;1;nr
zizanien;1;nr
zitrone;1;nr
zinzin;1;adj
zetein;1;nr
zero;1;nr
zelensky;1;nr
zazou;1;nom
zarff;1;nr
zabou;1;nr
z;1;nom
yé_yé;1;nom
yvelynes;1;nr
yuki;1;nr
young;1;nr
york;1;nom
yohan;1;nr
yaël;1;nr
yasmina;1;nr
xvi;1;nr
xuan;1;nr
xiv;1;nr
xerox;1;nr
wydzynska;1;nr
works;1;nr
wintour;1;nr
wilson;1;nr
wikileaks;1;nr
wiggin;1;nr
wheelford;1;nr
webb;1;nr
we;1;nr
wc;1;nr
way;1;nr
warner;1;nr
walton;1;nr
walter;1;nom
waintraub;1;nr
végétarien;1;adj
végans;1;nr
vsd;1;nr
vs;1;nr
vraisemblable;1;adj
vouer;1;ver
voter;1;ver
vote;1;nom
vostock;1;nr
von;1;nr
voltaire;1;nom
volonté;1;nom
volontariat;1;nom
volontairement;1;adv
volcan;1;nom
volaille;1;nom
vladimir;1;nr
vivement;1;adv
vittel;1;nr
vitrine;1;nom
vitre;1;nom
vitamine;1;nom
visée;1;nom
visualiser;1;ver
visiophone;1;nom
visionnaire;1;nom
visiblement;1;adv
viscère;1;nom
visa;1;nom
virgule;1;nom
virginie;1;nom
virage;1;nom
violon;1;nom
violer;1;ver
violent;1;adj
violemment;1;adv
viol;1;nom
vintage;1;nom
villeret;1;nr
villepin;1;nr
villageois;1;nom
viii;1;nr
vigoureusement;1;adv
vigan;1;nr
vieil;1;adj
vidéoclip;1;nom
vide;1;adj
victor;1;nr
victoire;1;nom
vico;1;nr
vice_présidentt;1;nr
vice;1;nom
viana;1;nr
vexer;1;ver
veste;1;nom
vergnas;1;nr
vergeture;1;nom
ventre;1;nom
vengeance;1;nom
velouté;1;adj
veloclub;1;nr
velasco;1;nr
veineux;1;adj
veine;1;nom
veilleraient;1;nr
vedette;1;nom
veau;1;nom
vaucluse;1;nr
vauclair;1;nr
vatrin;1;nr
vassilyevitch;1;nr
variété;1;nom
variation;1;nom
vanter;1;ver
vanier;1;nr
vanessa;1;nr
vandalisées;1;nr
vandalisée;1;nr
vandalisations;1;nr
valéry;1;nr
valoriser;1;ver
valorisent;1;nr
valorisation;1;nom
valoir;1;ver
valide;1;adj
valeur;1;nom
valable;1;adj
vainement;1;adv
vain;1;adj
vahiné;1;nom
vacancier;1;nom
vacance;1;nom
utilité;1;nom
utilisation;1;nom
utilisateur;1;nom
utile;1;adj
usine;1;nom
ursula;1;nr
urs;1;nr
urne;1;nom
urgent;1;adj
unnites;1;nr
universel;1;adj
unité;1;nom
units;1;nr
uniquement;1;adv
uneminéralogue;1;nr
unanimité;1;nom
ultérieurement;1;adv
ultérieur;1;adj
ultra_violettes;1;nr
ultra_secret;1;adj
ultra;1;adj
ukrain;1;nr
uk;1;nr
ufologistes;1;nr
ufologiques;1;nr
ubiquitaire;1;adj
tétraèdre;1;nr
télévisuel;1;adj
télétrottoir;1;nr
téléthon;1;nr
téléporté;1;nr
téléportation;1;nom
téléphonique;1;adj
télépathique;1;adj
télécom;1;nr
télespectatrice;1;nr
télespectateurs;1;nr
téhéran;1;nr
tutos;1;nr
turckheim;1;nr
tune;1;nom
tumler;1;nr
tueur;1;nom
tuc;1;nr
truqué;1;adj
truquage;1;nom
true;1;nr
trouble;1;nom
trottoir;1;nom
trophée;1;nom
trompette;1;nom
tromperie;1;nom
tromper;1;ver
troglodytique;1;adj
troglodyte;1;nom
trocadéro;1;nr
triplé;1;nom
trinh;1;nr
treut;1;nr
trempe;1;nom
tremblement;1;nom
travis;1;nr
traverser;1;ver
traumatisme;1;nom
traumatiser;1;ver
trapéziste;1;nom
transsexuel;1;adj
transport;1;nom
transit;1;nom
trait;1;nom
trainer;1;nr
trahir;1;ver
traduire;1;ver
traditionnel;1;adj
tracz;1;nr
tractation;1;nom
toxicologie;1;nom
touzet;1;nr
touteunehistoire;1;nr
toutankhamon;1;nr
tousch;1;nr
tournée;1;nom
touriste;1;nom
tourisme;1;nom
touchant;1;adj
tortue;1;nom
tordre;1;ver
tordeur;1;nom
tootsie;1;nr
tonne;1;nom
tonifier;1;ver
tondu;1;adj
tommaso;1;nr
tok;1;nr
tognini;1;nr
toaster;1;nom
toast;1;nom
titanic;1;nr
tissu;1;nom
tisser;1;ver
tis;1;nr
tirer;1;ver
tirard;1;nr
tirade;1;nom
tir;1;nom
times;1;nr
time;1;nr
tiktok;1;nr
tik;1;nr
tic_tac;1;nom
thérapie;1;nom
théo;1;nom
thé;1;nom
thunberg;1;nr
thuan;1;nr
thor;1;nr
thinnes;1;nr
thea;1;nr
thau;1;nr
that;1;nr
testament;1;nom
tertre;1;nom
terroir;1;nom
terrier;1;nom
terrer;1;ver
terminer;1;ver
tentative;1;nom
tentant;1;adj
tennis;1;nom
tendresse;1;nom
tempête;1;nom
tempete;1;nr
tellement;1;adv
teinter;1;ver
teint;1;nom
technodrome;1;nr
tech;1;nr
taxe;1;nom
taux;1;nom
tarif;1;nom
tarentino;1;nr
tarder;1;ver
tapis;1;nom
tapir;1;ver
taper;1;ver
tania;1;nr
tanguy;1;nr
tandem;1;nom
tamara;1;nr
talon;1;nom
tad;1;nr
tablette;1;nom
tabac;1;nom
sûr;1;adj
sévir;1;ver
sérénité;1;nom
sérieux;1;adj
sépulture;1;nom
sélection;1;nom
séjourner;1;ver
sécurité;1;nom
sécuritaires;1;nr
sécrétaire;1;nr
synonyme;1;adj
sympa;1;adj
symboliser;1;ver
sylvain;1;nom
swing;1;nom
sveta;1;nr
suédois;1;adj
suède;1;nom
suspense;1;nom
susan;1;nr
survêtement;1;nom
survolté;1;adj
survoler;1;ver
survie;1;nom
survenir;1;ver
surveillant;1;nom
surt;1;nr
surprotégée;1;nr
surplus;1;nom
surmonter;1;ver
surhumain;1;adj
surfeur;1;nom
surdoué;1;nom
surdosées;1;nr
supprimer;1;ver
supplémentaire;1;adj
superstition;1;nom
superman;1;nom
superficiel;1;adj
superficialité;1;nom
sundberg;1;nr
sumériens;1;nr
sumériennes;1;nr
sumérien;1;nom
suivents;1;nr
suisse;1;adj
suer;1;ver
sudation;1;nom
sucette;1;nom
succéder;1;ver
subvention;1;nom
subvenir;1;ver
subtiliser;1;ver
substitut;1;nom
subodorer;1;ver
stéphanie;1;nr
stylers;1;nr
stupéfait;1;adj
stresser;1;ver
stressant;1;adj
stream;1;nr
stratégie;1;nom
story;1;nr
stefano;1;nr
stefan;1;nr
stature;1;nom
statistiquement;1;adv
statisticien;1;nom
starmag;1;nr
stanford;1;nr
standing;1;nom
stand;1;nom
stade;1;nom
squelette;1;nom
squat;1;nom
spécial;1;adj
spot;1;nom
spontanément;1;adv
spontané;1;adj
spirituel;1;adj
spirale;1;nom
sperme;1;nom
speed;1;nom
spectre;1;nom
spd;1;nr
spatio_temporel;1;adj
space;1;nr
souverain;1;nom
soutien;1;nom
souscription;1;nom
sous_titrers;1;nr
sous_bois;1;nom
sourd_muet;1;adj
soupe;1;nom
soulier;1;nom
soulager;1;ver
soulagement;1;nom
soul;1;nom
souffrir;1;ver
souffleur;1;nom
souffler;1;ver
souder;1;ver
soudainement;1;adv
souci;1;nom
souche;1;nom
sosie;1;nom
sonner;1;ver
sonia;1;nr
songs;1;nr
sondage;1;nom
solliciter;1;ver
soliveres;1;nr
solidifier;1;ver
solange;1;nr
soderbergh;1;nr
sobeps;1;nr
smicard;1;nom
slpêtrière;1;nr
slogan;1;nom
skinwalker;1;nr
skinner;1;nr
ski;1;nom
sixième;1;adj
sitcom;1;nom
sisto;1;nr
sirpa;1;nr
sinodrome;1;nr
sing;1;nr
simplicité;1;nom
simone;1;nr
similitude;1;nom
silvia;1;nr
sillonner;1;ver
silence;1;nom
signer;1;ver
sigle;1;nom
sidérants;1;nr
sicile;1;nr
siaud;1;nr
shérif;1;nom
shyamalan;1;nr
shredder;1;nr
shodas;1;nr
sherryl;1;nr
sheila;1;nr
sheahan;1;nr
shatner;1;nr
shasta;1;nr
sharko;1;nr
shampooing;1;nom
shadow;1;nr
seying;1;nr
sexe;1;nom
sex;1;nr
seti;1;nr
sertili;1;nr
serré;1;adj
serrer;1;ver
serrat;1;nr
serra;1;nom
serment;1;nom
seringue;1;nom
sentiment;1;nom
sensuel;1;adj
sensibilité;1;nom
sensation;1;nom
senghor;1;nr
sekulic;1;nr
segal;1;nr
seen;1;nr
secousse;1;nom
secours;1;nom
seconde;1;nom
secondaire;1;adj
sculpteur;1;nom
sculpter;1;ver
scotch;1;nom
sconsacrée;1;nr
scola;1;nr
sco;1;nr
scintillant;1;adj
schéma;1;nom
schworzeintgarner;1;nr
schuck;1;nr
schroeder;1;nr
schrameck;1;nr
scepticisme;1;nom
saône;1;nr
saxophoniste;1;nom
savoir_faire;1;nom
savoie;1;nr
sauveur;1;nom
sauter;1;ver
saunière;1;nr
sauna;1;nom
sattelite;1;nr
satanique;1;adj
satan;1;nom
sarkozy;1;nr
sarcophage;1;nom
sara;1;nom
saporta;1;nr
sapiens;1;adj
santos;1;nr
sanitaire;1;adj
sanguinaire;1;adj
sandwich;1;nom
sanction;1;nom
sanchez;1;nr
san;1;nr
samia;1;nr
saluer;1;ver
saltiel;1;nr
salon;1;nom
sale;1;adj
salarié;1;nom
saisie;1;nom
saint_pierre;1;nom
saigner;1;ver
saidani;1;nr
sahara;1;nr
sage;1;adj
saga;1;nom
sacree;1;nr
sabrina;1;nr
sable;1;nom
rééducation;1;nom
révélateur;1;adj
révolutionner;1;ver
révolutionne;1;nr
révolution;1;nom
révolu;1;adj
réviser;1;ver
réveillon;1;nom
rétrécisseurs;1;nr
rétrospective;1;nom
résurrection;1;nom
résumé;1;nom
résonner;1;ver
résolument;1;adv
résidu;1;nom
réserver;1;ver
répétition;1;nom
républicain;1;adj
répartition;1;nom
répartir;1;ver
réparer;1;ver
réion;1;nr
réincarnation;1;nom
réhabilitation;1;nom
régénérer;1;ver
régulier;1;adj
régner;1;ver
régler;1;ver
régir;1;ver
régime;1;nom
réformer;1;ver
réformateur;1;nom
réellement;1;adv
récurrence;1;nom
récupération;1;nom
règlementaires;1;nr
règle;1;nom
ryanair;1;nr
rusticité;1;nom
russell;1;nr
ruitenbeek;1;nr
rufus;1;nr
ruban;1;nom
rtl;1;nr
rtf;1;nr
rozières;1;nr
rowling;1;nr
rousselot;1;nr
roussel;1;nr
roumanie;1;nr
rouler;1;ver
rougeâtre;1;adj
roudinesco;1;nr
rotation;1;nom
rossano;1;nr
rosenberg;1;nr
rondeau;1;nom
ronde;1;nom
rond;1;nom
ronald;1;nr
ron;1;nom
romuald;1;nr
romejko;1;nr
romantisme;1;nom
romancier;1;nom
romance;1;nom
roll;1;nom
roles;1;nr
rodrigoox;1;nr
rodolphe;1;nr
rocheux;1;adj
rocher;1;nom
roch;1;nr
rocard;1;nr
roberto;1;nr
rne;1;nr
rivier;1;nr
rivers;1;nr
rivera;1;nr
rive;1;nom
rivaliser;1;ver
rival;1;nom
risque;1;nom
rihouet;1;nr
rihanna;1;nr
rigsby;1;nr
rigoureux;1;adj
rideau;1;nom
rico;1;nr
richesse;1;nom
rhône;1;nr
rhumatologue;1;nom
rheibihi;1;nr
revêtir;1;ver
revèle;1;nr
revoir;1;nom
revisitées;1;nr
reveneault;1;nr
reuters;1;nr
retransmission;1;nom
retraité;1;nom
retenir;1;ver
resto;1;nom
ressurgir;1;ver
ressort;1;nom
ressemblance;1;nom
respecteuses;1;nr
respecter;1;ver
resistance;1;nr
requête;1;nom
requin;1;nom
reptilien;1;adj
reptile;1;nom
reproductif;1;adj
reproducteur;1;nom
reposer;1;ver
repond;1;nr
replier;1;ver
repeupler;1;ver
repenti;1;adj
repasser;1;ver
repartir;1;ver
renâcler;1;ver
renvoyer;1;ver
renverser;1;ver
renversement;1;nom
renseigner;1;ver
renouer;1;ver
renne;1;nom
renforcer;1;ver
renaître;1;ver
renard;1;nom
renan;1;nr
remporter;1;ver
remplir;1;ver
rempli;1;adj
remplaçant;1;nom
remontant;1;nom
remo;1;nr
remercier;1;ver
remarque;1;nom
remanier;1;ver
relâcher;1;ver
relique;1;nom
relier;1;ver
relaxation;1;nom
relativité;1;nom
relatif;1;adj
relais;1;nom
rejeté;1;adj
rejet;1;nom
reisch;1;nr
regrouper;1;ver
regretter;1;ver
regnier;1;nr
regagner;1;ver
reflet;1;nom
redoutable;1;adj
recruteur;1;nom
recruter;1;ver
recrue;1;nom
recouper;1;ver
reconsidérer;1;ver
reconnaissance;1;nom
recommencer;1;ver
reclus;1;adj
rechercher;1;ver
receler;1;ver
realisateurs;1;nr
razjman;1;nr
rayonnement;1;nom
raynaud;1;nr
ravitaillement;1;nom
ravalement;1;nom
ravager;1;ver
rauque;1;adj
rattraper;1;ver
rationnel;1;adj
ratio;1;nom
ratajkowski;1;nr
ratafia;1;nom
rassurer;1;ver
rassembler;1;ver
raquette;1;nom
raoust;1;nr
ranger;1;nom
rangement;1;nom
rang;1;nom
ramzy;1;nr
rambaldi;1;nr
rallumer;1;ver
rajouter;1;ver
rai;1;nom
raging;1;nr
raffermir;1;ver
radiotéléscope;1;nr
radioactivité;1;nom
radieux;1;adj
radicalité;1;nr
radiation;1;nom
raciste;1;adj
racine;1;nom
racial;1;adj
rabrouer;1;ver
rabanne;1;nr
r;1;nr
québécois;1;adj
quinzaine;1;nom
quinquennat;1;nom
quinn;1;nr
queue;1;nom
quete;1;nr
questionner;1;ver
quentin;1;nr
quenard;1;nr
quasiment;1;adv
quantité;1;nom
qualifier;1;ver
quadragénaire;1;nom
qq;1;nr
qg;1;nr
pétillant;1;adj
périlleux;1;adj
pénétrer;1;ver
pénétration;1;nom
pénélope;1;nr
pénurie;1;nom
pédiatre;1;nom
péchenard;1;nr
pâques;1;nom
pyromane;1;nom
pyjama;1;nom
puériculture;1;nom
puymartin;1;nr
purifier;1;ver
purification;1;nom
punk;1;nom
punition;1;nom
publication;1;nom
psychothérapeute;1;nom
psychose;1;nom
psychologiquement;1;adv
psychologique;1;adj
psychologie;1;nom
psychique;1;adj
psychiatrique;1;adj
psy;1;nom
pseudonyme;1;nom
prévision;1;nom
prévention;1;nom
préventif;1;adj
prévenir;1;ver
prévenant;1;adj
présidence;1;nom
présentateur;1;nom
préoccuper;1;ver
prénommer;1;ver
prénom;1;nom
prélever;1;ver
préhistorique;1;adj
préhistoire;1;nom
préféré;1;adj
préférable;1;adj
préfèrerait;1;nr
préconiser;1;ver
précognition;1;nom
précession;1;nom
pré;1;nom
provocation;1;nom
provisoire;1;adj
province;1;nom
provenance;1;nom
prouesse;1;nom
protester;1;ver
protestation;1;nom
protagoniste;1;nom
prospérer;1;ver
propriété;1;nom
propriétaire;1;nom
proposé;1;adj
proportion;1;nom
propagande;1;nom
promis;1;adj
promettre;1;ver
promesse;1;nom
proment;1;nr
promener;1;ver
promenade;1;nom
prolongeau;1;nr
projectionniste;1;nom
projectile;1;nom
projectif;1;adj
projecteur;1;nom
progressivement;1;adv
progresser;1;ver
profondément;1;adv
professionnel;1;adj
profane;1;adj
prof;1;nom
production;1;nom
procédure;1;nom
procéder;1;ver
processeur;1;nom
probable;1;adj
pro;1;nom
privilégié;1;adj
privilégier;1;ver
privatisation;1;nom
principalement;1;adv
pri;1;nr
prestigieux;1;adj
prestidigitateur;1;nom
pratiquement;1;adv
praticable;1;adj
pradel;1;nr
poëles;1;nr
poète;1;nom
power;1;nr
poutine;1;adj
pousuivre;1;nr
poursuivre;1;ver
pourreau;1;nr
pourchasser;1;ver
pour_cent;1;nom
poupée;1;nom
poule;1;nom
poudre;1;nom
potimarron;1;nom
potache;1;nom
poster;1;ver
postal;1;adj
post;1;adv
portugal;1;nr
porto;1;nom
portland;1;nom
porteur;1;nom
portail;1;nom
port;1;nom
porkbelly;1;nr
por;1;nr
popularité;1;nom
pope;1;nom
pool;1;nom
ponctuer;1;ver
ponchelot;1;nr
pompeo;1;nr
pommier;1;nom
polytechnicien;1;nom
polydor;1;nr
poltergheist;1;nr
pologne;1;nr
politologue;1;nr
poireau;1;nom
pointu;1;adj
pointilleux;1;adj
pointe;1;nom
poignet;1;nom
poids;1;nom
poché;1;adj
plésiosaure;1;nom
plutôt;1;adv
plonger;1;ver
plon;1;nr
pleurer;1;ver
platine;1;nom
plateforme;1;nom
plaquer;1;ver
planétologue;1;nr
planer;1;ver
plamondon;1;nr
plaine;1;nom
pivet;1;nr
pitié;1;nom
pistolet;1;nom
piratage;1;nom
pirat;1;nr
piqûre;1;nom
pipi;1;nom
pionnier;1;nom
pion;1;nom
pink;1;nom
pincer;1;ver
pince;1;nom
pinasse;1;nom
pin;1;nom
pile;1;nom
pieuvre;1;nom
pierrette;1;nr
pidsley;1;nr
picchu;1;nr
pic;1;nom
pialat;1;nr
piaf;1;nom
pia;1;nr
phénoméne;1;nr
phénoménal;1;adj
phénicien;1;nom
physiquement;1;adv
phrasé;1;nom
phobie;1;nom
phlébite;1;nom
philosophie;1;nom
philippot;1;nr
phase;1;nom
pharmacologie;1;nom
pharell;1;nr
phare;1;nom
peter;1;nr
pesticide;1;nom
pesquet;1;nr
peser;1;ver
perversion;1;nom
pervers;1;nom
perturbateur;1;nom
pertubés;1;nr
persévérance;1;nom
perrin;1;nr
pernicieux;1;adj
permanent;1;adj
performant;1;adj
performance;1;nom
perez;1;nr
percutèrent;1;nr
percuter;1;ver
perception;1;nom
perarnau;1;nr
pepin;1;nr
people;1;adj
pelt;1;nr
peloux;1;nr
peine;1;nom
peche;1;nr
pech;1;nr
pdt;1;nr
pdg;1;nr
paysan;1;nom
paysage;1;nom
payre;1;nr
paypal;1;nr
pauvreté;1;nom
patrouille;1;nom
patrimoine;1;nom
patricia;1;nr
patrcie;1;nr
patin;1;nom
patient;1;nom
pathogène;1;adj
patate;1;nom
pastureau;1;nr
passionné;1;adj
passionnant;1;adj
pascallet;1;nr
parvis;1;nom
particuliere;1;nr
particularité;1;nom
parquet;1;nom
parpaing;1;nom
parodie;1;nom
parly;1;nr
parigo;1;nr
parfaire;1;ver
pareil;1;adj
parcoursup;1;nr
parcourir;1;ver
parc;1;nom
parapsychique;1;adj
paranoïaque;1;adj
paramilitaire;1;adj
paralysie;1;nom
parage;1;nom
par_mégarde;1;adv
paques;1;nr
paquebot;1;nom
papouasie;1;nr
papoter;1;ver
pape;1;nom
papa;1;nom
panthéon;1;nom
pantalon;1;nom
paniqué;1;adj
panique;1;nom
paloma;1;nr
palmer;1;nom
palmarès;1;nom
palestinien;1;nom
pale;1;nom
pain;1;nom
paille;1;nom
paiement;1;nom
pagaille;1;nom
paco;1;nr
pacifique;1;adj
paccalet;1;nr
p;1;nr
oxygène;1;nom
ovation;1;nom
outil;1;nom
outdoormix;1;nr
oussama;1;nr
oumuamua;1;nr
oudéa;1;nr
otzi;1;nr
otage;1;nom
ostéoporose;1;nom
ostréiculteur;1;nom
oscar;1;nom
ormesson;1;nr
orienter;1;ver
orientation;1;nom
oriane;1;nr
organisateur;1;nom
organe;1;nom
orfèvre;1;nom
oregon;1;nr
ordonner;1;ver
ordinateur;1;nom
ordinaire;1;adj
orchestrer;1;ver
orbite;1;nom
oral;1;adj
orage;1;nom
opéra;1;nom
opulence;1;nom
optique;1;adj
optimiste;1;adj
optimiser;1;ver
opposition;1;nom
opportunité;1;nom
opportuniste;1;adj
opinion;1;nom
onu;1;nr
onde;1;nom
oncle;1;nom
olympique;1;adj
olive;1;nom
olga;1;nr
oiseau;1;nom
oie;1;nom
officialiser;1;ver
office;1;nom
odyssée;1;nom
odin;1;nr
odeur;1;nom
océanologue;1;nom
oculaire;1;adj
occuper;1;ver
occulte;1;adj
obésité;1;nom
obéissant;1;adj
obséder;1;ver
obstinément;1;adv
obstacle;1;nom
obsolète;1;adj
observateur;1;nom
observables;1;nr
obligation;1;nom
objectivement;1;adv
obesite;1;nr
négocier;1;ver
négligé;1;adj
négatif;1;adj
néerlandais;1;adj
néandertal;1;nr
nutrition;1;nom
nupes;1;nr
nullement;1;adv
nucleaires;1;nr
nu;1;adj
nt1;1;nr
nostradamuser;1;nr
nostradamus;1;nr
nostalgie;1;nom
normandie;1;nr
non_droit;1;nom
nolte;1;nr
noiray;1;nr
nogozones;1;nr
nocturne;1;adj
noctambule;1;adj
ninja;1;nr
ninel;1;nr
nina;1;nr
nikki;1;nr
night;1;nr
nier;1;ver
niel;1;nr
nicole;1;nr
nicola;1;nr
niclas;1;nr
nickerson;1;nr
nickel;1;adj
nice;1;nom
nhart;1;nr
newsmax;1;nr
neveu;1;nom
nettement;1;adv
nessie;1;nr
nes;1;nr
nelson;1;nr
nee;1;nr
nbc;1;nr
narconon;1;nr
nanty;1;nr
nanti;1;nom
nancy;1;nr
nancay;1;nr
nakache;1;nr
nacir;1;nr
météorite;1;nom
météo;1;nom
métropole;1;nom
méthodologie;1;nom
métallique;1;adj
métal;1;nom
méta;1;nom
méprisant;1;adj
mélancolique;1;adj
mégot;1;nom
mégalithiques;1;nr
méfiant;1;adj
méduse;1;nom
méditerrané;1;adj
médicamenteux;1;adj
médicament;1;nom
médicalement;1;adv
méconnaissable;1;adj
méchin;1;nr
mécanisme;1;nom
mé;1;nr
mysteres;1;nr
myriam;1;nr
mylène;1;nr
myer;1;nr
my;1;nr
mutilé;1;adj
muter;1;ver
mutant;1;nom
muséum;1;nom
musulman;1;adj
musicien;1;nom
music;1;nr
musclez;1;nr
muscler;1;ver
murmure;1;nom
muraille;1;nom
multiple;1;adj
multilingue;1;nr
muller;1;nr
mulhern;1;nr
muet;1;adj
mozart;1;nr
mourousi;1;nr
mounir;1;nr
moulin;1;nom
moule;1;nom
motricité;1;nom
motif;1;nom
mothman;1;nr
moselle;1;nr
morrison;1;nr
morice;1;nr
morgante;1;nr
moreira;1;nr
moreau;1;adj
morandini;1;nr
moqueur;1;adj
moquette;1;nom
moquerie;1;nom
moquer;1;ver
moosejaw;1;nr
mood;1;nr
monumental;1;adj
montréal;1;nr
montebourg;1;nr
montagné;1;nr
monstrueux;1;adj
moniot;1;nr
monica;1;nr
mongolien;1;adj
momi;1;nom
molière;1;nr
mobile;1;nom
mitterrand;1;nr
mitchell;1;nr
mistral;1;nom
miss;1;nom
miscavige;1;nr
misanthrope;1;nom
miroir;1;nom
mireille;1;nr
mirail;1;nr
miraculeux;1;adj
miraculeusement;1;adv
minuscule;1;adj
mineur;1;nom
minerai;1;nom
miner;1;ver
mimi;1;nom
miller;1;nr
milky;1;nr
mile;1;nom
mike;1;nr
mijoter;1;ver
mihalache;1;nr
migration;1;nom
mignon;1;adj
midnight;1;nr
midi;1;nom
michaux;1;nr
mi_femme;1;nom
mexico;1;adv
meurger;1;nr
meudon;1;nr
metz;1;nr
metropolis;1;nr
metral;1;nr
meta;1;nr
mesurer;1;ver
messsage;1;nr
messiah;1;nr
messagerie;1;nom
mesnard;1;nr
mercadet;1;nr
merad;1;nr
mentionneraient;1;nr
mention;1;nom
mensuration;1;nom
mensuel;1;adj
mengoni;1;nr
menaçant;1;adj
menagere;1;nr
menacer;1;ver
melenchon;1;nr
meil;1;nr
meier;1;nr
megarbane;1;nr
meesen;1;nr
meelbergs;1;nr
mediavilla;1;nr
mechants;1;nr
mccartney;1;nr
mc;1;nr
mbappé;1;nr
maîtriser;1;ver
mayonnaise;1;nom
mayer;1;nr
maxwell;1;nr
maxime;1;nom
mausolée;1;nom
mauduit;1;nr
maude;1;nr
matériau;1;nom
matinée;1;nom
mathias;1;nr
maternel;1;adj
massard;1;nr
massage;1;nom
massacrer;1;ver
massacre;1;nom
masquer;1;ver
masculiniste;1;nr
mas;1;nom
maryline;1;nr
mary;1;nom
marvin;1;nr
martino;1;nr
martiner;1;ver
martienne;1;nom
marthe;1;nr
marsu;1;nr
marquant;1;adj
maroquinerie;1;nom
marocain;1;adj
maroc;1;nr
mariano;1;nr
maradonna;1;nr
maquette;1;nom
manouvrer;1;nr
manipulation;1;nom
manifestant;1;nom
manhattan;1;nom
mangue;1;nom
mandrou;1;nr
manager;1;nom
management;1;nom
man;1;nom
mambo;1;nom
malka;1;nr
malibu;1;nr
malheureusement;1;adv
maldor;1;nr
malaisie;1;nr
maladresse;1;nom
maktaouf;1;nr
making;1;nr
mairie;1;nom
maillard;1;nr
mahjoubi;1;nr
magnétisme;1;nom
magnétique;1;adj
magnets;1;nr
magnet;1;nr
magique;1;adj
maelstrum;1;nr
madonna;1;nr
mademoiselle;1;nom
maddalena;1;nr
macrocosme;1;nom
machu;1;nr
mach;1;nom
lévrier;1;nom
létalité;1;nom
léo;1;nr
léman;1;nr
légèreté;1;nom
législatif;1;adj
légendaire;1;adj
lâcher;1;ver
lyonnais;1;adj
luxueux;1;adj
luxembourg;1;nr
lutz;1;nom
lutter;1;ver
luneville;1;nr
lunette;1;nom
lumineux;1;adj
luire;1;ver
ludique;1;adj
lucien;1;nr
lucie;1;nr
luce;1;nom
loïs;1;nr
lover;1;ver
louxor;1;nr
louvin;1;nr
louvain;1;nr
loup_garou;1;nom
louisiane;1;nr
loli;1;nr
logo;1;nom
logiquement;1;adv
loft;1;nom
localiser;1;ver
localisation;1;nom
lloyds;1;nr
livraison;1;nom
lives;1;nr
littérature;1;nom
littéralement;1;adv
littéraire;1;adj
littoral;1;nom
little;1;nr
litre;1;nom
lire;1;ver
liquide;1;nom
lingerie;1;nom
lincoln;1;nr
linceul;1;nom
licence;1;nom
licancabur;1;nr
libye;1;nr
libre;1;adj
librairie;1;nom
liberté;1;nom
libertin;1;adj
libanais;1;adj
levasseur;1;nr
leterrier;1;nr
lepic;1;nr
leninger;1;nr
lenfant;1;nr
lemming;1;nom
lemercier;1;nr
lelandais;1;nr
legeron;1;nr
lefebvre;1;nr
leetchi;1;nr
leela;1;nr
lee;1;nr
lecoq;1;nr
lecon;1;nr
lavoix;1;nr
laurel;1;nr
laura;1;nr
lasso;1;nom
lasserre;1;nr
laschet;1;nr
lanzarote;1;nr
lamentation;1;nom
lambert;1;nr
lama;1;nom
laibe;1;nr
laguiller;1;nr
lagina;1;nr
lagaffe;1;nr
lafayette;1;nr
laeticia;1;nr
laden;1;nr
kyota;1;nr
kylian;1;nr
kusturica;1;nr
krombopoulos;1;nr
krine;1;nr
krang;1;nr
kramatorsk;1;nr
koulaguina;1;nr
koretzky;1;nr
korbo;1;nr
konbini;1;nr
km;1;adv
klein;1;nr
kitch;1;adj
kirby;1;nr
kirac;1;nr
king;1;nr
kinesie;1;nr
kiev;1;nr
kieffer;1;nr
kheops;1;nr
kervean;1;nr
kerusore;1;nr
kerry;1;nr
kenric;1;nr
kennedy;1;nr
kazakhstan;1;nr
katsaris;1;nr
karaoké;1;nom
kapferer;1;nr
kailashnath;1;nr
kad;1;nr
jérusalem;1;nr
juvin;1;nr
justyna;1;nr
justifier;1;ver
justement;1;adv
jusque_là;1;adv
jumeau;1;nom
julliard;1;nr
jugement;1;nom
judith;1;nr
judiciaire;1;adj
jubilatoire;1;adj
jr;1;nr
journee;1;nr
journalistique;1;adj
jouet;1;nom
joseph;1;nom
jongleur;1;nom
joli;1;adj
joie;1;nom
johnson;1;nr
johnny;1;nr
johanna;1;nr
jocelyn;1;nr
job;1;nom
jk;1;nr
jingle;1;nom
jim;1;nr
jeûne;1;nom
jet;1;nom
jesse;1;nr
jaya;1;nr
jamie;1;nr
jambe;1;nom
jaloux;1;adj
jaillir;1;ver
jacter;1;ver
jacquemard;1;nr
jackson;1;nr
ivre;1;adj
ivg;1;nr
ivar;1;nr
itamar;1;nr
it;1;nr
issu;1;adj
israël;1;nr
israélien;1;nom
isolement;1;nom
isolationnistes;1;nr
isolationnisme;1;nom
island;1;nr
isidore;1;nr
irène;1;nr
irréfutable;1;adj
irresponsable;1;adj
irrespectueux;1;adj
ironiser;1;ver
irlande;1;nr
irian;1;nr
inégalité;1;nom
inéficaces;1;nr
investissement;1;nom
inventives;1;nr
inventer;1;ver
invalide;1;nom
inutile;1;adj
inuits;1;nr
intégral;1;adj
intrus;1;nom
introduire;1;ver
intriguées;1;nr
intime;1;adj
interêt;1;nr
intervenant;1;nom
interprétation;1;nom
interprètera;1;nr
interposer;1;ver
interne;1;adj
interministériel;1;nr
interlocuteur;1;nom
interesse;1;nr
interagir;1;ver
interactivité;1;nom
intensif;1;adj
intense;1;adj
intemporels;1;nr
inteligentes;1;nr
insurmontable;1;adj
insurger;1;ver
insu;1;nom
institution;1;nom
insoupçonné;1;adj
insouciant;1;adj
insecte;1;nom
inquiétant;1;adj
innovation;1;nom
innommable;1;adj
inman;1;nr
inlassablement;1;adv
injustice;1;nom
inidentifiable;1;adj
ingë;1;nr
infra;1;adv
influx;1;nom
influencer;1;ver
infiltrer;1;ver
infiltration;1;nom
infectieux;1;adj
inexploitables;1;nr
inement;1;nr
ine;1;nr
indépendance;1;nom
indispensable;1;adj
indestructible;1;adj
inculquer;1;ver
incontestable;1;adj
inconscient;1;adj
incompétent;1;adj
incompris;1;adj
incognito;1;adv
incendie;1;nom
ina;1;nr
imprégner;1;ver
improvisation;1;nom
improsivé;1;nr
imposant;1;adj
importé;1;adj
implanter;1;ver
implantation;1;nom
impitoyable;1;adj
impertinent;1;adj
impartialité;1;nom
impacter;1;nr
impact;1;nom
immeuble;1;nom
immersion;1;nom
imiter;1;ver
imionne;1;nr
imionnants;1;nr
imionnant;1;nr
imagerie;1;nom
illustratif;1;nr
illusionniste;1;nom
iliad;1;nr
ii;1;nr
igor;1;nr
ignorer;1;ver
ignorant;1;adj
idéologie;1;nom
idéal;1;adj
idol;1;nr
idf;1;nr
icône;1;nom
ibrahima;1;nr
hésiter;1;ver
hérésie;1;nom
héroïque;1;adj
hériter;1;ver
héloïse;1;nr
hélicoptère;1;nom
hypocrisie;1;nom
hypnotiser;1;ver
hype;1;nr
hydrogène;1;nom
huygue;1;nr
huster;1;nr
humidité;1;nom
huitième;1;nom
huile;1;nom
hui;1;nom
hugo;1;nr
hubert;1;nr
https;1;nr
http;1;nr
html;1;nr
houzelot;1;nr
hour;1;nr
houellebecq;1;nr
horwitz;1;nr
horoscope;1;nom
horlans;1;nr
hopkins;1;nr
honnête;1;adj
honneur;1;nom
homophobe;1;adj
homoparentalité;1;nr
homo;1;adj
hollande;1;nom
hole;1;nr
holbecq;1;nr
hobbits;1;nr
hiver;1;nom
historiquement;1;adv
historique;1;adj
historien;1;nom
hissbach;1;nr
hip_hop;1;nom
hindou;1;nom
himalaya;1;nom
highlander;1;nom
heureusement;1;adv
hetru;1;nr
hervé;1;nr
hermé;1;nr
hermione;1;nr
herbe;1;nom
her;1;nr
hawaii;1;nr
hausse;1;nom
hashtag;1;nr
hartman;1;nr
harnais;1;nom
harmonique;1;adj
harcèlement;1;nom
harceler;1;ver
happy;1;nr
happer;1;ver
happening;1;nom
hanté;1;adj
hanche;1;nom
hamed;1;nr
halo;1;nom
hall;1;nom
haley;1;nr
haine;1;nom
hafida;1;nr
hacker;1;nom
habitat;1;nom
habitacle;1;nom
gîte;1;nom
gévaudan;1;nr
gérer;1;ver
gérad;1;nr
géopol;1;nr
géologie;1;nom
géographique;1;adj
génétiquement;1;adv
générer;1;ver
généraliste;1;nom
génome;1;nom
génital;1;adj
gélule;1;nom
gynéco;1;nom
gwenn;1;nr
gulf;1;nr
guien;1;nr
guerri;1;nr
guarneri;1;nr
grèce;1;nr
groom;1;nom
grondeur;1;adj
grishka;1;nr
grippe;1;nom
grinberg;1;nr
greyhounds;1;nr
greta;1;nr
grenier;1;nom
grec;1;nom
great;1;nr
gravir;1;ver
gravement;1;adv
graphisme;1;nom
granger;1;nr
gouvernemental;1;adj
gouvernante;1;nom
goutte;1;nom
goute;1;nr
gounord;1;nr
goujat;1;nom
gosso;1;nr
gort;1;nr
gorille;1;nom
google;1;nr
gonnet;1;nr
gonfler;1;ver
gomes;1;nr
goldorak;1;nr
gokalp;1;nr
gogolito;1;nr
gods;1;nr
godillot;1;nom
godefroid;1;nr
gluhenvolks;1;nr
glucksmann;1;nr
gluant;1;adj
glorieux;1;adj
gloire;1;nom
glisser;1;ver
glaciologue;1;nom
glaciaire;1;adj
giulia;1;nr
giscard;1;nr
gisbert;1;nr
girond;1;adj
giratoire;1;adj
girard;1;nr
gilbert;1;nom
ghd;1;nr
gestion;1;nom
gerhard;1;nr
gerard;1;nr
georges;1;nr
geoffroy;1;nr
genèse;1;nom
gentleman;1;nom
gentillement;1;nr
gentil;1;adj
gendarmerie;1;nom
geler;1;ver
gaëlle;1;nr
gaz;1;nom
gaumont;1;nr
gaume;1;nr
gauillaume;1;nr
gauchet;1;nr
garnier;1;nr
gardini;1;nr
garde;1;nom
gard;1;nr
garantie;1;nom
galilée;1;nr
galactique;1;adj
gala;1;nom
gaidon;1;nr
gage;1;nom
gad;1;nr
gabris;1;nr
gabarek;1;nr
féroce;1;adj
féminin;1;adj
félin;1;nom
féliciter;1;ver
fédéral;1;adj
fébrile;1;adj
fustec;1;nr
furious;1;nr
funeste;1;adj
funes;1;nr
fumeau;1;nr
fuite;1;nom
fuir;1;ver
fréquenter;1;ver
fréquence;1;nom
fréderic;1;nr
fromager;1;adj
friser;1;ver
frisbie;1;nr
frisbee;1;nom
friandise;1;nom
frey;1;nr
freiner;1;ver
freewinds;1;nr
free;1;nr
fraude;1;nom
fratrie;1;nom
frapper;1;ver
frankie;1;nr
frange;1;nom
francois;1;nr
fragment;1;nom
fragilité;1;nom
fractal;1;adj
fr3;1;nr
foyer;1;nom
foutre;1;ver
fourré;1;adj
fourneau;1;nom
fouraste;1;nr
fouquet;1;nr
fouler;1;ver
foti;1;nr
fossoyeur;1;nom
forêt;1;nom
forum;1;nom
fortune;1;nom
formuler;1;ver
formule;1;nom
formulation;1;nom
formidable;1;adj
formics;1;nr
forcer;1;ver
for;1;nom
fool;1;nr
fontenay;1;nr
fondement;1;nom
fonctionnement;1;nom
fonctionnaire;1;nom
foncer;1;ver
follin;1;nr
foley;1;nr
fogiel;1;nr
fn;1;nr
fléau;1;nom
flotter;1;ver
flotte;1;nom
flottant;1;adj
flot;1;nom
florian;1;nr
florent;1;nr
florence;1;nom
flexitarienne;1;nr
fleches;1;nr
flappy;1;nr
flanquer;1;ver
flammarion;1;nr
flairer;1;ver
fissurer;1;ver
fisher;1;nr
fire;1;nr
fiori;1;nr
fiol;1;nr
financièrement;1;adv
financier;1;adj
financial;1;nr
finance;1;nom
finalement;1;adv
filtre;1;nom
filière;1;nom
filant;1;adj
figurer;1;ver
figurant;1;nom
figer;1;ver
figaro;1;nom
fiel;1;nom
fictif;1;adj
festivaliers;1;nr
fesse;1;nom
ferryn;1;nr
feroleto;1;nr
fernandez;1;nr
fenti;1;nr
fenouil;1;nom
fellini;1;nr
feldzer;1;nr
façade;1;nom
favre;1;nr
favori;1;adj
faveur;1;nom
faune;1;nom
fascination;1;nom
far_west;1;nom
fantome;1;nr
fantasque;1;adj
fantasme;1;nom
famine;1;nom
fakir;1;nom
fait_divers;1;nom
fairytales;1;nr
faim;1;nom
fader;1;ver
faculté;1;nom
facilement;1;adv
facile;1;adj
facial;1;adj
facette;1;nom
faced;1;nr
fabuleux;1;adj
fabian;1;nr
f3;1;nr
f16;1;nr
exténuant;1;adj
extraterres;1;nr
exrait;1;nr
expérimentation;1;nom
expérimental;1;adj
expulser;1;ver
exprimer;1;ver
exportateur;1;adj
exploiter;1;ver
explicable;1;adj
expertise;1;nom
exorciste;1;nom
exobiologiste;1;nr
exions;1;nr
exion;1;nr
exil;1;nom
exiger;1;ver
exigence;1;nom
excès;1;nom
exclusivité;1;nom
exclusion;1;nom
exclusif;1;adj
exceptionnellement;1;adv
exceller;1;ver
exaucer;1;ver
examen;1;nom
evènement;1;nr
eventreur;1;nr
evenou;1;nr
evenement;1;nr
evans;1;nr
europa;1;nr
euronews;1;nr
eure;1;nr
eugene;1;nr
ettore;1;nr
etre;1;nr
etranges;1;nr
etrange;1;nr
etoile;1;nr
ethnologue;1;nom
ete;1;nr
etaix;1;nr
etaient;1;nr
esturgeon;1;nom
estaing;1;nr
essonne;1;nr
essentiellement;1;adv
essentiel;1;nom
essayiste;1;nom
espionnage;1;nom
espagnol;1;nom
escroc;1;nom
escorter;1;ver
escargot;1;nom
escapade;1;nom
esa;1;nr
erreur;1;nom
erich;1;nr
epreuve;1;nr
eoliens;1;nr
envier;1;ver
envie;1;nom
entrevue;1;nom
entretenir;1;ver
entreprendre;1;ver
entre_deux;1;nom
entraînement;1;nom
entrave;1;nom
entièrement;1;adv
enthoven;1;nr
enthousiasme;1;nom
entacher;1;ver
enseignant;1;nom
enrayer;1;ver
ennuyeux;1;adj
enjeu;1;nom
enigme;1;nr
enigmatique;1;nr
engueulade;1;nom
engrenage;1;nom
engloutir;1;ver
engagement;1;nom
enfoncer;1;ver
enflammé;1;adj
enfer;1;nom
enduire;1;ver
endormir;1;ver
endoctrinement;1;nom
endocrinien;1;adj
endetté;1;adj
ender;1;nr
enclencher;1;ver
enchanté;1;adj
emprise;1;nom
emporter;1;ver
employeur;1;nom
empire;1;nom
empalé;1;adj
emir;1;nr
emiliano;1;nr
embrigadement;1;nr
embaucher;1;ver
embarquer;1;ver
embarcation;1;nom
emballement;1;nom
emaillé;1;nr
elysees;1;nr
elton;1;nr
ellora;1;nr
elliot;1;nr
ellin;1;nr
elli;1;nr
ell;1;nr
elizabeth;1;nr
elections;1;nr
elbe;1;nr
einstein;1;nr
effraction;1;nom
effectuèrent;1;nr
effarant;1;adj
effacer;1;ver
edwige;1;nr
education;1;nr
editions;1;nr
edgard;1;nr
edendale;1;nr
eddy;1;nr
ecosse;1;nr
economie;1;nr
eclairage;1;nr
echouer;1;nr
earthworm;1;nr
earth;1;nr
eac;1;nr
dîner;1;nom
dévoiler;1;ver
déviant;1;adj
développementale;1;nr
dévaster;1;ver
dévaloriser;1;ver
détresse;1;nom
détournement;1;nom
détonant;1;adj
déterminer;1;ver
détermination;1;nom
détendre;1;ver
détection;1;nom
désordre;1;nom
désirer;1;ver
désigner;1;ver
déshumanisés;1;nr
désespérant;1;adj
désespoir;1;nom
désangoisse;1;nr
désagréable;1;adj
dérouler;1;ver
déroulement;1;nom
dérouiller;1;ver
dépêtrer;1;ver
dépouille;1;nom
déplaisant;1;adj
dépendre;1;ver
départemental;1;adj
dénoncer;1;ver
dénominateur;1;nom
dénicher;1;ver
démêlé;1;nom
démoniaque;1;adj
démolition;1;nom
démolir;1;ver
dément;1;adj
délégation;1;nom
délit;1;nom
délirer;1;ver
délirant;1;adj
délation;1;nom
délaisser;1;ver
déjanté;1;adj
déjanter;1;ver
déion;1;nr
déhe;1;nr
dégradation;1;nom
déflection;1;nr
définitif;1;adj
défiant;1;adj
déferler;1;ver
défendre;1;ver
défaite;1;nom
dédoublement;1;nom
dédier;1;ver
décéder;1;ver
décès;1;nom
décréter;1;ver
décrypter;1;ver
décortiquer;1;ver
décorer;1;ver
déconseiller;1;ver
décompter;1;ver
décomplexée;1;nr
décliner;1;ver
déclenchement;1;nom
déclassifiées;1;nr
décimer;1;ver
déchaîner;1;ver
décevant;1;adj
déception;1;nom
décapant;1;nom
décalco;1;nr
décalage;1;nom
débriefer;1;ver
déborder;1;ver
déboire;1;nom
débarrasser;1;ver
débarquement;1;nom
dé;1;nom
dysfonctionnement;1;nom
dynastie;1;nom
dutrieux;1;nr
duteil;1;nr
dussopt;1;nr
durer;1;ver
dubois;1;nr
dublin;1;nr
drucker;1;nr
drom;1;nr
drogué;1;nom
droguer;1;ver
dream_team;1;nom
dream;1;nr
dray;1;nr
drame;1;nom
dr;1;nr
doué;1;adj
douter;1;ver
doumergue;1;nr
douloureux;1;adj
douer;1;ver
doucoure;1;nr
douche;1;nom
douceur;1;nom
doucement;1;adv
doublure;1;nom
doublage;1;nom
dossou;1;nr
dose;1;nom
dormir;1;ver
dorlhac;1;nr
doom;1;nr
donnée;1;nom
donnet;1;nr
dongos;1;nr
donbass;1;nr
donaldson;1;nr
dominators;1;nr
domination;1;nom
domenech;1;nr
dolmen;1;nom
dollar;1;nom
documenter;1;ver
doc;1;nom
djebbari;1;nr
dj;1;nr
divorcé;1;adj
division;1;nom
divertissant;1;adj
divergence;1;nom
distribution;1;nom
distributeur;1;nom
distorsion;1;nom
distinguer;1;ver
dissolution;1;nom
dissimuler;1;ver
dissimulation;1;nom
disque;1;nom
dispute;1;nom
disgracieux;1;adj
discutable;1;adj
discréditer;1;ver
discret;1;adj
dirigeant;1;nom
direc;1;nr
diplôme;1;nom
diouf;1;nr
dingy;1;nr
dingue;1;adj
dilemme;1;nom
digne;1;adj
différencier;1;ver
différemment;1;adv
diet;1;nr
diego;1;nr
dictionnaire;1;nom
dico;1;nom
dick;1;nr
diaphane;1;adj
diamant;1;nom
dialogue;1;nom
dhal;1;nr
dewavrin;1;nr
devise;1;nom
deutsch;1;nr
destinée;1;nom
desserte;1;nom
dessein;1;nom
desrues;1;nr
desir;1;nr
descendant;1;nom
desbois;1;nr
dermatologue;1;nom
depetrini;1;nr
dent;1;nom
denisova;1;nr
dena;1;nr
demouy;1;nr
demi_tour;1;nom
demi_frère;1;nom
demi_finale;1;nom
demeurer;1;ver
demeure;1;nom
delorme;1;nr
delon;1;nr
delavaud;1;nr
delagnes;1;nr
dekko;1;nr
decoration;1;nr
decker;1;nr
debriefing;1;nr
debre;1;nr
deauville;1;nr
dean;1;nr
daéns;1;nr
dawesar;1;nr
daval;1;nr
dasquie;1;nr
daspet;1;nr
darquier;1;nr
darmon;1;nr
darcos;1;nr
danse;1;nom
danièle;1;nr
daniken;1;nr
danielle;1;nr
daniela;1;nr
danette;1;nr
dam;1;nom
dali;1;nr
dakar;1;nr
dailymail;1;nr
daily;1;nr
dactylo;1;nom
côtoyer;1;ver
côte;1;nom
césar;1;nom
cérémonie;1;nom
célébrité;1;nom
céline;1;nr
cédric;1;nr
cyprien;1;nr
cylindrique;1;adj
cyber;1;nr
curry;1;nom
cultivé;1;adj
culpabilité;1;nom
culotte;1;nom
cul;1;nom
cuisse;1;nom
cuire;1;ver
cuir;1;nom
cuillère;1;nom
cuges;1;nr
cucuta;1;nr
cubert;1;nr
csu;1;nr
crémer;1;ver
création;1;nom
crème;1;nom
crèche;1;nom
crânien;1;adj
cruel;1;adj
croziflette;1;nr
croustillant;1;adj
cross;1;nom
croquer;1;ver
crooner;1;nom
crolard;1;nr
croitre;1;nr
croisière;1;nom
critère;1;nom
critiquer;1;ver
critique;1;adj
crinoline;1;nom
criminel;1;nom
crime;1;nom
crhonique;1;nr
cracheur;1;nom
cpe;1;nr
coûter;1;ver
coûteaux;1;nr
coîncidence;1;nr
cow_boys;1;nr
coville;1;nr
covid;1;nr
couvée;1;nom
couvercle;1;nom
couture;1;nom
courtois;1;adj
courtier;1;nom
courrier;1;nom
courage;1;nom
counter;1;nr
coulan;1;nr
couderc;1;nr
coucher;1;ver
couche;1;nom
cou;1;nom
cotisation;1;nom
cote;1;nom
costse;1;nr
costiou;1;nr
cosmos;1;nom
coré;1;nom
cortège;1;nom
corse;1;adj
corrélation;1;nom
corré;1;nr
correspondant;1;nom
correctionnel;1;nom
correct;1;adj
corinne;1;nr
coquille;1;nom
copé;1;nr
coprésentatrice;1;nr
copper;1;nr
copenhague;1;nr
cool;1;adj
cooke;1;nr
convivial;1;adj
conversation;1;nom
convention;1;nom
convaincant;1;adj
contribution;1;nom
contrebandier;1;nom
contre_jour;1;nom
contre_emploi;1;nom
continu;1;adj
contemporain;1;nom
constitution;1;nom
constat;1;nom
consonance;1;nom
conservatisme;1;nom
conquérir;1;ver
connait;1;nr
conmé;1;nr
conmatrices;1;nr
conmation;1;nr
conjuguer;1;ver
congrès;1;nom
confortablement;1;adv
confirmer;1;ver
confection;1;nom
conditionner;1;ver
conditionnement;1;nom
condensateur;1;nom
condamner;1;ver
concubinage;1;nom
concourrent;1;nr
concorder;1;ver
concoillotte;1;nr
conclure;1;ver
concitoyen;1;nom
conceptualiser;1;ver
con;1;nom
comédie;1;nom
compton;1;nr
comptine;1;nom
compréhensible;1;adj
comprende;1;nr
comporter;1;ver
comportementaliste;1;adj
complétement;1;nr
complément;1;nom
complotistes;1;nr
complicité;1;nom
complice;1;nom
complexé;1;adj
complexe;1;adj
compenser;1;ver
compensatoires;1;nr
compensatoire;1;adj
comparse;1;nom
communiqué;1;nom
communion;1;nom
commercial;1;adj
commerce;1;nom
comix;1;nr
comique;1;adj
combourg;1;nr
combat;1;nom
coma;1;nom
coluche;1;nr
colossal;1;adj
colonisera;1;nr
coloniser;1;ver
colonie;1;nom
collègue;1;nom
colline;1;nom
collin;1;nr
collection;1;nom
collant;1;adj
collaboration;1;nom
cogner;1;ver
cofondateur;1;nom
coffre;1;nom
coe;1;nr
codé;1;adj
codifier;1;ver
cocotte;1;nom
cochon;1;nom
cocaïne;1;nom
cm;1;nom
clôture;1;nom
clément;1;adj
clé;1;nom
clover;1;nr
clooney;1;nr
cloche;1;nom
clip;1;nom
clinicien;1;nom
clin;1;nom
client;1;nom
clerel;1;nr
clerebaut;1;nr
claustrophobique;1;nr
classé;1;adj
clarinette;1;nom
clara;1;nr
claquos;1;nr
clandestinement;1;adv
clandestin;1;adj
clairement;1;adv
citer;1;ver
circuler;1;ver
circulation;1;nom
circles;1;nr
circle;1;nr
cinématons;1;nr
cinéaste;1;nom
cinquième;1;adj
cinethon;1;nr
cinema;1;nr
cimetière;1;nom
cicciolina;1;nr
chérir;1;ver
chéri;1;nom
chèvre;1;nom
chute;1;nom
chupacabra;1;nr
choréa;1;nr
choquer;1;ver
choquant;1;adj
choeur;1;nom
chirurgical;1;adj
chips;1;nom
chimiste;1;nom
chimique;1;adj
chilin;1;nr
chilien;1;adj
chiffe;1;nom
chick;1;nr
cheryll;1;nr
cherrier;1;nr
cherisey;1;nr
chereque;1;nr
chemise;1;nom
chelles;1;nr
chef_d_oeuvre;1;nom
cheesecake;1;nr
cheap;1;adj
chaussure;1;nom
chauffage;1;nom
chaudière;1;nom
chaud;1;adj
chatenet;1;nr
chateau;1;nr
chartier;1;nr
charme;1;nom
charmant;1;adj
charlie;1;nr
charité;1;nom
charisme;1;nom
charia;1;nom
chapel;1;nr
chaouche;1;nr
chancellerie;1;nom
champagne;1;nom
chalon;1;nom
chaleureux;1;adj
chagrin;1;nom
chadaud;1;nr
ch;1;nr
cesser;1;ver
certificat;1;nom
cernan;1;nr
cerise;1;nom
cerf_volant;1;nom
cercueil;1;nom
central;1;adj
censé;1;adj
censurer;1;ver
censure;1;nom
cendre;1;nom
ceinture;1;nom
cedh;1;nr
cdu;1;nr
cbs;1;nr
cayse;1;nr
caviar;1;nom
caveau;1;nom
cave;1;nom
caumes;1;nr
cauet;1;nr
caudron;1;nr
caucase;1;nr
catégoriquement;1;adv
catastrophées;1;nr
catapultent;1;nr
castéra;1;nr
castaldi;1;nr
cassé;1;adj
cassonade;1;nom
cassius;1;nr
cartonner;1;ver
carton;1;nom
cartman;1;nr
carter;1;nom
carrément;1;adv
carotène;1;nom
caron;1;nr
carnahan;1;nr
carnac;1;nr
caricature;1;nom
carence;1;nom
carcassonne;1;nr
carboniser;1;ver
caraïbe;1;nom
caramélisé;1;adj
caractéristique;1;nom
cannabis;1;nom
caniveau;1;nom
caniche;1;nom
candidature;1;nom
cancer;1;nom
canada;1;nom
camper;1;ver
camdeborde;1;nr
calme;1;nom
californie;1;nom
calcul;1;nom
caitlin;1;nr
caissier;1;nom
caillou;1;nom
cahute;1;nom
cahier;1;nom
cagot;1;nom
café;1;nom
cadrage;1;nom
cadeau;1;nom
caddy;1;nom
cadavre;1;nom
cachee;1;nr
cabinet;1;nom
cabine;1;nom
cabaret;1;nom
ca;1;nr
bêtise;1;nom
bézieux;1;nr
béziers;1;nr
béta;1;nr
bénéficier;1;ver
bâton;1;nom
bâtisseur;1;nom
bâtir;1;ver
buzz;1;nr
business;1;nom
bus;1;nom
burki;1;nr
buisson;1;nom
budget;1;nom
bud;1;nr
bt;1;nr
brésil;1;nom
brutal;1;adj
brunet;1;adj
brun;1;adj
bros;1;nr
bronzer;1;ver
brocéliande;1;nr
brièvement;1;adv
brite;1;nr
brion;1;nr
bridge;1;nom
breton;1;adj
brennetot;1;nr
brenig;1;nr
breekman;1;nr
braun;1;nr
braise;1;nom
brahic;1;nr
boîte;1;nom
boyer;1;nr
box;1;nom
bowl;1;nr
bouton;1;nom
boursin;1;nr
bourreau;1;nom
bourgogne;1;nom
bourgade;1;nom
bourdon;1;nom
bouquet;1;nom
boulot;1;nom
boulinier;1;nr
bouillon;1;nom
bouddhiste;1;adj
bouddha;1;nom
boucler;1;ver
bouchot;1;nom
boucheron;1;nr
botte;1;nom
bosselut;1;nr
borloo;1;nr
bordeaux;1;adj
bont;1;nr
bonot;1;nr
bonissol;1;nr
bonheur;1;nom
bonder;1;ver
bonbon;1;nom
bol;1;nom
bogdanov;1;nr
boeuf;1;nom
body;1;nom
bobo;1;nom
bobby;1;nom
bmx;1;nr
blé;1;nom
blouson;1;nom
blouse;1;nom
blogueur;1;nr
bloch;1;nr
blocage;1;nom
blin;1;nr
blabber;1;nr
bizarrerie;1;nom
bitume;1;nom
bistro;1;nom
bisexuel;1;adj
bioman;1;nr
bilan;1;nom
bigot;1;adj
bienveillance;1;nom
bienfait;1;nom
bidon;1;adj
bic;1;nom
bibliothèque;1;nom
bi;1;nom
beurre;1;nom
betty;1;nr
bettega;1;nr
beta;1;nr
bestaire;1;nr
besançon;1;nr
besancenot;1;nr
besace;1;nom
berstein;1;nr
berre;1;nr
bergé;1;nr
benisse;1;nr
benigni;1;nr
bendaoud;1;nr
bellucci;1;nr
belliqueux;1;adj
bellamy;1;nr
bedos;1;nr
beau_père;1;nom
beat;1;adj
beake;1;nr
battre;1;ver
batignolles;1;nr
bastia;1;nr
basset;1;nom
basilique;1;nom
barthes;1;nr
barre;1;nom
baroux;1;nr
bare;1;nr
barbier;1;nom
barbie;1;nr
barbe;1;nom
baraton;1;nr
barataud;1;nr
banquise;1;nom
bannir;1;ver
banga;1;nr
bancaire;1;adj
ballade;1;nom
balgrave;1;nr
baleine;1;nom
balayage;1;nom
balançoire;1;nom
baigner;1;ver
baguette;1;nom
badaoui;1;nr
bactériens;1;nr
bactérie;1;nom
bac;1;nom
babette;1;nr
aéronavale;1;nom
aymeric;1;nr
avorter;1;ver
avignon;1;nr
aviation;1;nom
aviateur;1;nom
aviaire;1;adj
aveu;1;nom
aves;1;nr
avertir;1;ver
aventurier;1;nom
avant_première;1;nom
avant_coureur;1;adj
avancer;1;ver
autrichien;1;adj
autoroute;1;nom
autodérision;1;nom
autobronzants;1;nr
aurélia;1;nr
auncun;1;nr
aujoud;1;nr
augmenter;1;ver
augier;1;nr
audition;1;nom
audinot;1;nr
aude;1;nr
audace;1;nom
attrister;1;ver
attitude;1;nom
attesterait;1;nr
attester;1;ver
attentionné;1;adj
attentif;1;adj
attacks;1;nr
attack;1;nr
attachement;1;nom
atsem;1;nr
atriens;1;nr
atmosphère;1;nom
atlantique;1;adj
atlantide;1;nr
atacama;1;nr
astéroïde;1;nom
astucieusement;1;adv
astuce;1;nom
astrophysique;1;nom
astronaut;1;nr
astral;1;adj
astiquer;1;ver
assénant;1;nr
assisté;1;nom
assistant;1;nom
assemblage;1;nom
assassin;1;nom
aspirer;1;ver
asnières;1;nr
aslani;1;nr
asile;1;nom
asexuels;1;nr
arthur;1;nr
arrêt;1;nom
arrestation;1;nom
arnoux;1;nr
arnau;1;nr
armement;1;nom
arlette;1;nr
arles;1;nr
arkaïm;1;nr
argument;1;nom
ardennes;1;nr
ardavan;1;nr
ard;1;nr
arcom;1;nr
archipel;1;nom
arbitrer;1;ver
araignés;1;nr
après_des;1;nr
appui;1;nom
approprié;1;adj
approfondi;1;adj
approcher;1;ver
apprivoiser;1;ver
apprentissage;1;nom
apprennnent;1;nr
apple;1;nr
applaudir;1;ver
appauvrir;1;ver
appartenir;1;ver
apparemment;1;adv
apocalypse;1;nom
aplatir;1;ver
antispéciste;1;nr
antispécisme;1;nr
antipollution;1;adj
anti_matière;1;nom
antartique;1;nr
antan;1;nom
anomalie;1;nom
année_lumière;1;nom
annuellement;1;adv
anniversaire;1;nom
annabel;1;nr
anjou;1;nr
animé;1;adj
animosité;1;nom
angiologue;1;nr
angers;1;nr
anger;1;nr
angels;1;nr
anecdote;1;nom
andrieux;1;nr
andrieu;1;nr
andrews;1;nr
ancient;1;nr
anas;1;nom
analphabétisme;1;nom
analogue;1;adj
anachronisme;1;nom
aménager;1;ver
amélie;1;nr
ampleur;1;nom
amityville;1;nr
amitié;1;nom
amiral;1;nom
amir;1;nr
aminches;1;nr
amical;1;adj
amfar;1;nr
amerrissage;1;nom
ameriquest;1;nr
amerique;1;nr
american;1;nr
amer;1;adj
ambition;1;nom
amasser;1;ver
amas;1;nom
amante;1;nom
amalgame;1;nom
aluminium;1;nom
altercation;1;nom
alpe;1;nom
allure;1;nom
allumer;1;ver
allonger;1;ver
alliot;1;nr
alliage;1;nom
allen;1;nr
allah;1;nr
alisio;1;nr
alimenter;1;ver
alimentaire;1;adj
aliment;1;nom
alice;1;nr
alfort;1;nr
alfie;1;nr
alex;1;nr
aldrin;1;nr
alcatraz;1;nom
alberto;1;nr
alberta;1;nr
alaska;1;nr
alarmant;1;adj
alaoui;1;nr
akerman;1;nr
akae;1;nr
aise;1;nom
airlines;1;nr
aigüe;1;nr
aignant;1;nr
agressif;1;adj
agnes;1;nr
agneau;1;nom
agiter;1;ver
agenda;1;nom
agacer;1;ver
africain;1;adj
afm;1;nr
affût;1;nom
affubler;1;ver
affonter;1;nr
affinez;1;nr
affiner;1;ver
aduler;1;ver
adrien;1;nr
adorer;1;ver
adorable;1;adj
adooore;1;nr
adonner;1;ver
adn;1;nr
adler;1;nr
adicard;1;nr
adhésif;1;adj
ades;1;nr
ademe;1;nr
adaption;1;nr
activiste;1;nom
actif;1;adj
acier;1;nom
acide;1;nom
achat;1;nom
accuser;1;ver
accoucher;1;ver
accorder;1;ver
accord;1;nom
accompagnement;1;nom
accommodant;1;adj
acclimatation;1;nom
acceptable;1;adj
académie;1;nom
academy;1;nr
ac;1;nr
abîme;1;nom
abécédaire;1;nom
abusif;1;adj
absent;1;adj
abri;1;nom
abracadabra;1;nom
abortion;1;nr
abord;1;nom
abonné;1;nom
abominable;1;adj
aboab;1;nr
abha;1;nr
abductions;1;nr
abdou;1;nr
abderrahim;1;nr
abdel;1;nr
abdallah;1;nr
abc;1;nom
abbé;1;nom
abattoir;1;nom
abattage;1;nom
9ème;1;nr
9h59;1;nr
9h58;1;nr
8min;1;nr
8h00;1;nr
83mn;1;nr
7min;1;nr
73e;1;nr
6ème;1;nr
5km;1;nr
3min;1;nr
34eme;1;nr
2m10;1;nr
20h15;1;nr
20h00;1;nr
1min;1;nr
16ème;1;nr
13ème;1;nr
13h00;1;nr
12ème;1;nr
10h28;1;nr
10h21;1;nr
10h19;1;nr
10h15;1;nr
10h13;1;nr